"time","avg_dist","avg_conf"
"11:30:29",14.4898293963255,14
"11:30:30",14.4802212223472,12.1428571428571
"11:30:31",13.9337270341207,26
"11:30:32",13.2198162729659,3.2
"11:30:33",12.6609798775153,11.6666666666667
"11:30:34",13.6046177821522,9
"11:30:35",13.8770778652668,8.46666666666667
"11:30:36",14.4313210848644,12.1333333333333
"11:30:37",13.8652668416448,12.8666666666667
"11:30:38",14.1986001749781,22.2666666666667
"11:30:39",13.7333770778653,29.5333333333333
"11:30:40",13.7320647419073,5.93333333333333
"11:30:41",13.914657152231,16.5
"11:30:42",14.1806649168854,15.4666666666667
"11:30:43",14.093394575678,30.7333333333333
"11:30:44",13.3398950131234,20
"11:30:45",12.3239282589676,9.8
"11:30:46",14.0500874890639,28.0666666666667
"11:30:47",14.5220226377953,23.625
"11:30:48",13.7924321959755,43.2666666666667
"11:30:49",14.3989501312336,12
"11:30:50",14.6432633420822,19.4
"11:30:51",14.2930883639545,23.3333333333333
"11:30:52",14.3963254593176,2.8
"11:30:53",13.8921697287839,1.4
"11:30:54",14.7703412073491,6.8125
"11:30:55",14.2088801399825,18.6
"11:30:56",14.0579615048119,21.0666666666667
"11:30:57",13.9984689413823,3.13333333333333
"11:30:58",14.7230971128609,6.33333333333333
"11:30:59",14.34208223972,22.2
"11:31:00",13.8685203412073,25.1875
"11:31:01",14.0190288713911,10.0714285714286
"11:31:02",14.5618028215223,25
"11:31:03",14.6835083114611,9.26666666666667
"11:31:04",13.3353018372703,5.66666666666667
"11:31:05",12.9304461942257,1.4
"11:31:06",14.1738845144357,8.4
"11:31:07",14.4523184601925,34.4666666666667
"11:31:08",13.6089238845144,10.4375
"11:31:09",12.9136045494313,9.33333333333333
"11:31:10",14.1150481189851,10.5333333333333
"11:31:11",14.3409886264217,26.9333333333333
"11:31:12",14.0918635170604,36.4666666666667
"11:31:13",13.9300087489064,12.2666666666667
"11:31:14",14.6612532808399,3.4375
"11:31:15",13.9201662292213,0
"11:31:16",13.9061679790026,5.73333333333333
"11:31:17",12.656605424322,14.4
"11:31:18",14.3713910761155,23.1333333333333
"11:31:19",14.3304899387577,24.9333333333333
"11:31:20",14.2661171259843,29.625
"11:31:21",13.5008905136858,17.6428571428571
"11:31:22",14.4311843832021,13.625
"11:31:23",13.4713473315836,22.9333333333333
"11:31:24",13.4717847769029,11.8666666666667
"11:31:25",12.9639107611549,2.8
"11:31:26",13.2445319335083,5.4
"11:31:27",14.5146407480315,7.9375
"11:31:28",13.9790026246719,25.2666666666667
"11:31:29",13.916447944007,13.0666666666667
"11:31:30",14.3991688538933,18.8666666666667
"11:31:31",14.2817147856518,11.9333333333333
"11:31:32",13.2250656167979,4.66666666666667
"11:31:33",11.7410323709536,0
"11:31:34",13.0355971128609,0
"11:31:35",11.1108923884514,0
"11:31:36",13.4510061242345,3.46666666666667
"11:31:37",14.0010936132983,15.1333333333333
"11:31:38",14.0181539807524,1.6
"11:31:39",14.6399825021872,1.53333333333333
"11:31:40",13.4284776902887,3.625
"11:31:41",13.3508311461067,3.46666666666667
"11:31:42",14.8650481189851,17.0666666666667
"11:31:43",14.1804461942257,5.33333333333333
"11:31:44",14.2311898512686,2
"11:31:45",14.1741032370954,24.8
"11:31:46",14.258530183727,26.8666666666667
"11:31:47",13.1264216972878,10.2666666666667
"11:31:48",13.8160542432196,35.9333333333333
"11:31:49",14.1555118110236,23.6666666666667
"11:31:50",13.3554243219598,6.06666666666667
"11:31:51",13.8893263342082,0.533333333333333
"11:31:52",13.4020122484689,0
"11:31:53",11.4551618547682,0.666666666666667
"11:31:54",14.1147883858268,9.1875
"11:31:55",13.829615048119,18.1333333333333
"11:31:56",12.8667979002625,20.2666666666667
"11:31:57",13.8333333333333,2.13333333333333
"11:31:58",15.3871391076115,42.0666666666667
"11:31:59",15.5764025590551,99.3125
"11:32:00",14.5605861767279,100
"11:32:01",13.6248906386702,100
"11:32:02",12.4407261592301,100
"11:32:03",11.5238407699038,100
"11:32:04",10.6082677165354,100
"11:32:05",9.79265091863517,100
"11:32:06",9.22449146981627,100
"11:32:07",8.78521434820647,100
"11:32:08",8.76487314085739,100
"11:32:09",8.86067366579178,100
"11:32:10",8.83486439195101,100
"11:32:11",8.70341207349081,100
"11:32:12",8.28893263342082,100
"11:32:13",7.76697834645669,100
"11:32:14",7.23512685914261,100
"11:32:15",6.77077865266842,100
"11:32:16",6.19444444444444,100
"11:32:17",5.65201224846894,100
"11:32:18",5.46062992125984,100
"11:32:19",5.40638670166229,100
"11:32:20",5.43163549868766,100
"11:32:21",5.55664916885389,100
"11:32:22",5.55993000874891,100
"11:32:23",5.5168416447944,100
"11:32:24",5.3678915135608,100
"11:32:25",5.24715660542432,100
"11:32:26",5.05967027559055,100
"11:32:27",4.83748906386702,100
"11:32:28",4.58048993875766,100
"11:32:29",4.40441819772528,100
"11:32:30",4.28608923884514,100
"11:32:31",4.09295713035871,100
"11:32:32",4.04199475065617,100
"11:32:33",4.13604549431321,100
"11:32:34",4.19762959317585,100
"11:32:35",4.09733158355206,100
"11:32:36",4.10017497812773,100
"11:32:37",4.07130358705162,100
"11:32:38",4.0466816647919,100
"11:32:39",4.05491305774278,100
"11:32:40",4.02723097112861,100
"11:32:41",3.96612532808399,100
"11:32:42",3.80074365704287,100
"11:32:43",3.68657042869641,100
"11:32:44",3.5990813648294,100
"11:32:45",3.36329833770779,100
"11:32:46",3.14858103674541,100
"11:32:47",3.10126859142607,100
"11:32:48",3.04199475065617,100
"11:32:49",2.95844269466317,100
"11:32:50",2.87729658792651,100
"11:32:51",2.82305336832896,100
"11:32:52",2.76246719160105,100
"11:32:53",2.69860017497813,100
"11:32:54",2.73600174978128,100
"11:32:55",2.8173665791776,100
"11:32:56",2.82895888013998,100
"11:32:57",2.79068241469816,100
"11:32:58",2.87576552930884,100
"11:32:59",2.92410323709536,100
"11:33:00",2.87770669291339,100
"11:33:01",2.80599300087489,100
"11:33:02",2.80664916885389,100
"11:33:03",2.76902887139108,100
"11:33:04",2.73906386701662,100
"11:33:05",2.69422572178478,100
"11:33:06",2.67125984251969,100
"11:33:07",2.68963254593176,100
"11:33:08",2.86111111111111,100
"11:33:09",2.9326334208224,100
"11:33:10",2.87795275590551,100
"11:33:11",2.89304461942257,100
"11:33:12",2.87442585301837,100
"11:33:13",2.88954505686789,100
"11:33:14",2.82699037620297,100
"11:33:15",2.8005249343832,100
"11:33:16",2.7830271216098,100
"11:33:17",2.78083989501312,100
"11:33:18",2.81474190726159,100
"11:33:19",2.82685367454068,100
"11:33:20",2.81058617672791,100
"11:33:21",2.78805774278215,100
"11:33:22",2.73578302712161,100
"11:33:23",2.75109361329834,100
"11:33:24",2.8073053368329,100
"11:33:25",2.76443569553806,100
"11:33:26",2.78153707349081,100
"11:33:27",2.83552055993001,100
"11:33:28",2.81780402449694,100
"11:33:29",2.78171478565179,100
"11:33:30",2.82939632545932,100
"11:33:31",3.02252843394576,100
"11:33:32",3.37639435695538,100
"11:33:33",3.7836832895888,100
"11:33:34",3.73709536307962,100
"11:33:35",3.62751531058618,100
"11:33:36",3.56692913385827,100
"11:33:37",3.55818022747157,100
"11:33:38",3.50455216535433,100
"11:33:39",3.42050993625797,100
"11:33:40",3.44611220472441,100
"11:33:41",3.46150481189851,100
"11:33:42",3.43700787401575,100
"11:33:43",3.33945756780402,100
"11:33:44",3.3086176727909,100
"11:33:45",3.27296587926509,100
"11:33:46",3.21911909448819,100
"11:33:47",3.11526684164479,100
"11:33:48",3.00984251968504,100
"11:33:49",3.10345581802275,100
"11:33:50",3.2331583552056,100
"11:33:51",3.26181102362205,100
"11:33:52",3.16662565616798,100
"11:33:53",3.08539557555306,100
"11:33:54",3.12664041994751,100
"11:33:55",3.0916447944007,100
"11:33:56",2.98709536307962,100
"11:33:57",2.97331583552056,100
"11:33:58",2.88429571303587,100
"11:33:59",2.82174103237095,100
"11:34:00",2.91951006124234,100
"11:34:01",3.14916885389326,100
"11:34:02",3.44291338582677,100
"11:34:03",3.5667104111986,100
"11:34:04",3.45800524934383,100
"11:34:05",3.48158628608924,100
"11:34:06",3.44863142107237,100
"11:34:07",3.41207349081365,100
"11:34:08",3.38560804899388,100
"11:34:09",3.3497375328084,100
"11:34:10",3.31167979002625,100
"11:34:11",3.41360454943132,100
"11:34:12",3.39566929133858,100
"11:34:13",3.35301837270341,100
"11:34:14",3.30424321959755,100
"11:34:15",3.32524059492563,100
"11:34:16",3.2674978127734,100
"11:34:17",3.19553805774278,100
"11:34:18",3.10428969816273,100
"11:34:19",3.00393700787402,100
"11:34:20",3.00721784776903,100
"11:34:21",2.91819772528434,100
"11:34:22",2.82327209098863,100
"11:34:23",2.72703412073491,100
"11:34:24",2.74365704286964,100
"11:34:25",2.94181977252843,100
"11:34:26",3.17995406824147,100
"11:34:27",3.35061242344707,100
"11:34:28",3.22550306211724,100
"11:34:29",3.16054243219598,100
"11:34:30",3.12248468941382,100
"11:34:31",3.14107611548556,100
"11:34:32",3.11454232283465,100
"11:34:33",2.99715660542432,100
"11:34:34",2.8921697287839,100
"11:34:35",2.80074365704287,100
"11:34:36",2.81146106736658,100
"11:34:37",3.0242782152231,100
"11:34:38",3.3746719160105,100
"11:34:39",3.63123359580053,100
"11:34:40",3.58617672790901,100
"11:34:41",3.5155293088364,100
"11:34:42",3.51443569553806,100
"11:34:43",3.43482064741907,100
"11:34:44",3.32861712598425,100
"11:34:45",3.20800524934383,100
"11:34:46",3.12292213473316,100
"11:34:47",3.07283464566929,100
"11:34:48",3.04943132108486,100
"11:34:49",3.11548556430446,100
"11:34:50",3.05205599300088,100
"11:34:51",2.96423884514436,100
"11:34:52",2.88145231846019,100
"11:34:53",2.84667541557305,100
"11:34:54",2.80183727034121,100
"11:34:55",2.82655293088364,100
"11:34:56",2.90573053368329,100
"11:34:57",3.07086614173228,100
"11:34:58",3.36060531496063,100
"11:34:59",3.49234470691164,100
"11:35:00",3.45297462817148,100
"11:35:01",3.49715660542432,100
"11:35:02",3.50699912510936,100
"11:35:03",3.54615048118985,100
"11:35:04",3.40551181102362,100
"11:35:05",3.26312335958005,100
"11:35:06",3.17804024496938,100
"11:35:07",3.21587926509186,100
"11:35:08",3.1576990376203,100
"11:35:09",3.02209098862642,100
"11:35:10",2.94444444444444,100
"11:35:11",2.97244094488189,100
"11:35:12",2.96522309711286,100
"11:35:13",2.88232720909886,100
"11:35:14",2.81977252843395,100
"11:35:15",2.79680664916885,100
"11:35:16",2.73578302712161,100
"11:35:17",2.63626421697288,100
"11:35:18",2.59076990376203,100
"11:35:19",2.61729002624672,100
"11:35:20",2.79221347331584,100
"11:35:21",2.9407261592301,100
"11:35:22",3.11286089238845,100
"11:35:23",3.21150481189851,100
"11:35:24",3.23075240594926,100
"11:35:25",3.16252460629921,100
"11:35:26",3.11701662292213,100
"11:35:27",3.06058617672791,100
"11:35:28",3.00262467191601,100
"11:35:29",2.91010498687664,100
"11:35:30",2.96894138232721,100
"11:35:31",3.14530019685039,100
"11:35:32",3.36067366579178,100
"11:35:33",3.55774278215223,100
"11:35:34",3.57720909886264,100
"11:35:35",3.50262467191601,100
"11:35:36",3.48622047244094,100
"11:35:37",3.49388943569554,100
"11:35:38",3.44838145231846,100
"11:35:39",3.41207349081365,100
"11:35:40",3.3834208223972,100
"11:35:41",3.25437445319335,100
"11:35:42",3.19006999125109,100
"11:35:43",3.13998250218723,100
"11:35:44",3.12089895013123,100
"11:35:45",3.03587051618548,100
"11:35:46",2.94531933508311,100
"11:35:47",2.90069991251094,100
"11:35:48",2.89195100612423,100
"11:35:49",2.80993000874891,100
"11:35:50",2.79302001312336,100
"11:35:51",2.71237970253718,100
"11:35:52",3.28040244969379,62.0666666666667
"11:35:53",7.56124234470691,0
"11:35:54",2.72090988626422,76.5333333333333
"11:35:55",2.47944006999125,100
"11:35:56",2.6576990376203,100
"11:35:57",2.73556430446194,100
"11:35:58",2.85248523622047,100
"11:35:59",2.91622922134733,100
"11:36:00",3.00831146106737,100
"11:36:01",3.10170603674541,100
"11:36:02",3.26487314085739,100
"11:36:03",3.22812773403325,100
"11:36:04",3.1084864391951,100
"11:36:05",3.10100885826772,100
"11:36:06",3.0997375328084,100
"11:36:07",3.05468066491689,100
"11:36:08",2.98884514435696,100
"11:36:09",2.93416447944007,100
"11:36:10",2.87510936132983,100
"11:36:11",2.83617672790901,100
"11:36:12",2.86478838582677,100
"11:36:13",2.88145231846019,100
"11:36:14",2.86832895888014,100
"11:36:15",2.80358705161855,100
"11:36:16",2.80533683289589,100
"11:36:17",2.75349956255468,100
"11:36:18",2.77682086614173,100
"11:36:19",2.92760279965004,100
"11:36:20",3.13451443569554,100
"11:36:21",3.31233595800525,100
"11:36:22",3.28849518810149,100
"11:36:23",3.21419783464567,100
"11:36:24",3.24737532808399,100
"11:36:25",3.2924321959755,100
"11:36:26",3.24825021872266,100
"11:36:27",3.11964129483815,100
"11:36:28",3.06036745406824,100
"11:36:29",2.97528433945757,100
"11:36:30",2.94619422572179,100
"11:36:31",2.8959563648294,100
"11:36:32",2.84864391951006,100
"11:36:33",2.78105861767279,100
"11:36:34",2.73731408573928,100
"11:36:35",2.69663167104112,100
"11:36:36",2.75656167979003,100
"11:36:37",2.89348206474191,100
"11:36:38",3.08993602362205,100
"11:36:39",3.21456692913386,100
"11:36:40",3.2007874015748,100
"11:36:41",3.19422572178478,100
"11:36:42",3.22069116360455,100
"11:36:43",3.19143700787402,100
"11:36:44",3.11920384951881,100
"11:36:45",3.04024496937883,100
"11:36:46",2.98206474190726,100
"11:36:47",2.94728783902012,100
"11:36:48",2.91229221347332,100
"11:36:49",2.86920384951881,100
"11:36:50",2.83362040682415,100
"11:36:51",2.79505686789151,100
"11:36:52",2.76902887139108,100
"11:36:53",2.87117235345582,100
"11:36:54",2.99037620297463,100
"11:36:55",2.98600174978128,100
"11:36:56",2.89944225721785,100
"11:36:57",2.89088863892013,100
"11:36:58",2.90436351706037,100
"11:36:59",2.93963254593176,100
"11:37:00",2.99846894138233,100
"11:37:01",3.18307086614173,100
"11:37:02",3.36876640419948,100
"11:37:03",3.50503062117235,100
"11:37:04",3.54330708661417,100
"11:37:05",3.56014873140857,100
"11:37:06",3.60804899387577,100
"11:37:07",3.58136482939633,100
"11:37:08",3.60236220472441,100
"11:37:09",3.64413823272091,100
"11:37:10",3.65547080052493,100
"11:37:11",3.74584426946632,100
"11:37:12",3.75503062117235,100
"11:37:13",3.67825896762905,100
"11:37:14",3.54768153980752,100
"11:37:15",3.43285214348206,100
"11:37:16",3.45625546806649,100
"11:37:17",3.44734251968504,100
"11:37:18",3.40726159230096,100
"11:37:19",3.35411198600175,100
"11:37:20",3.27515310586177,100
"11:37:21",3.13538932633421,100
"11:37:22",3.05797712785902,100
"11:37:23",3.04133858267717,100
"11:37:24",3.02124343832021,100
"11:37:25",3.00262467191601,100
"11:37:26",2.92913385826772,100
"11:37:27",2.91929133858268,100
"11:37:28",2.89982502187227,100
"11:37:29",2.84383202099738,100
"11:37:30",2.84366797900262,100
"11:37:31",2.80708661417323,100
"11:37:32",2.78827646544182,100
"11:37:33",2.81386701662292,100
"11:37:34",2.86001749781277,100
"11:37:35",2.99081364829396,100
"11:37:36",3.22650098425197,100
"11:37:37",3.44641294838145,100
"11:37:38",3.53696412948381,100
"11:37:39",3.56189851268591,100
"11:37:40",3.62182852143482,100
"11:37:41",3.69838145231846,100
"11:37:42",3.76334208223972,100
"11:37:43",3.84120734908136,100
"11:37:44",3.89476706036745,100
"11:37:45",4.01223284589426,100
"11:37:46",4.09858923884515,100
"11:37:47",4.21259842519685,100
"11:37:48",4.33573928258968,100
"11:37:49",4.27799650043745,100
"11:37:50",4.15190288713911,100
"11:37:51",3.93985126859143,100
"11:37:52",3.65791776027997,100
"11:37:53",3.43438320209974,100
"11:37:54",3.32958380202475,100
"11:37:55",3.23797025371829,100
"11:37:56",3.1854904855643,100
"11:37:57",3.15851143607049,100
"11:37:58",3.12274442257218,100
"11:37:59",3.11045494313211,100
"11:38:00",3.13932633420822,100
"11:38:01",3.11832895888014,100
"11:38:02",3.06824146981627,100
"11:38:03",3.06368930446194,100
"11:38:04",3.07086614173228,100
"11:38:05",3.03062117235346,100
"11:38:06",2.9925634295713,100
"11:38:07",3.08180227471566,100
"11:38:08",3.06255468066492,100
"11:38:09",3.04724409448819,100
"11:38:10",3.09793307086614,100
"11:38:11",3.12029746281715,100
"11:38:12",3.1240157480315,100
"11:38:13",3.13013998250219,100
"11:38:14",3.09492563429571,100
"11:38:15",3.07886318897638,100
"11:38:16",3.03455818022747,100
"11:38:17",3.05008748906387,100
"11:38:18",3.04672853393326,100
"11:38:19",3.09405074365704,100
"11:38:20",3.13123359580052,100
"11:38:21",3.0929571303587,100
"11:38:22",3.02340332458443,100
"11:38:23",2.95296095800525,100
"11:38:24",2.94094488188976,100
"11:38:25",2.910808023997,100
"11:38:26",2.87688648293963,100
"11:38:27",2.86067366579178,100
"11:38:28",2.73993875765529,100
"11:38:29",2.6988188976378,100
"11:38:30",2.7163167104112,100
"11:38:31",2.72760826771654,100
"11:38:32",2.72134733158355,100
"11:38:33",2.72856517935258,100
"11:38:34",2.71216097987752,100
"11:38:35",2.67847769028871,100
"11:38:36",2.63574475065617,100
"11:38:37",2.62139107611549,100
"11:38:38",2.63385826771654,100
"11:38:39",2.65376202974628,100
"11:38:40",2.60433070866142,100
"11:38:41",3.00393700787402,92.2
"11:38:42",11.0863954505687,3.2
"11:38:43",9.81832349081365,0.625
"11:38:44",2.55074365704287,47.6
"11:38:45",2.50503062117235,100
"11:38:46",2.52362204724409,100
"11:38:47",2.53455818022747,100
"11:38:48",2.48403324584427,100
"11:38:49",2.58902012248469,100
"11:38:50",2.85597112860892,100
"11:38:51",3.18810148731409,100
"11:38:52",3.47178477690289,100
"11:38:53",3.51356080489939,100
"11:38:54",3.44641294838145,100
"11:38:55",3.41678969816273,100
"11:38:56",3.34011373578303,100
"11:38:57",3.2095363079615,100
"11:38:58",3.09426946631671,100
"11:38:59",3.02296587926509,100
"11:39:00",3.02974628171479,100
"11:39:01",3.000656167979,100
"11:39:02",3.08357939632546,100
"11:39:03",3.13385826771654,100
"11:39:04",3.07699037620297,97.7333333333333
"11:39:05",3.00109361329834,100
"11:39:06",2.98162729658793,100
"11:39:07",3.02209098862642,100
"11:39:08",3.0505249343832,100
"11:39:09",2.92672790901137,100
"11:39:10",2.79691601049869,100
"11:39:11",2.82677165354331,100
"11:39:12",2.91185476815398,100
"11:39:13",3.19181977252843,100
"11:39:14",3.53280839895013,100
"11:39:15",3.73840769903762,100
"11:39:16",3.79818733595801,100
"11:39:17",3.76093613298338,100
"11:39:18",3.62576552930884,100
"11:39:19",3.53937007874016,100
"11:39:20",3.39676290463692,100
"11:39:21",3.39020122484689,100
"11:39:22",3.41617454068241,100
"11:39:23",3.43350831146107,100
"11:39:24",3.40179352580927,100
"11:39:25",3.45209973753281,100
"11:39:26",3.41622922134733,100
"11:39:27",3.28849518810149,100
"11:39:28",3.19656332020997,100
"11:39:29",3.20725534308211,100
"11:39:30",3.19061679790026,100
"11:39:31",3.18657042869641,100
"11:39:32",3.18657042869641,100
"11:39:33",3.16688538932633,100
"11:39:34",3.16360454943132,100
"11:39:35",3.18219597550306,100
"11:39:36",3.1758530183727,100
"11:39:37",3.13145231846019,100
"11:39:38",3.00459317585302,100
"11:39:39",3.06277340332458,100
"11:39:40",3.14413823272091,100
"11:39:41",3.21719160104987,100
"11:39:42",3.2197342519685,100
"11:39:43",3.28193350831146,100
"11:39:44",3.24518810148731,100
"11:39:45",3.20909886264217,100
"11:39:46",3.18875765529309,100
"11:39:47",3.20778652668416,100
"11:39:48",3.1832895888014,100
"11:39:49",3.10323709536308,100
"11:39:50",2.99930282152231,100
"11:39:51",2.87664041994751,100
"11:39:52",2.83486439195101,100
"11:39:53",2.91294838145232,100
"11:39:54",3.04943132108486,100
"11:39:55",3.1832895888014,100
"11:39:56",3.2277312992126,100
"11:39:57",3.21937882764654,100
"11:39:58",3.20100612423447,100
"11:39:59",3.18416447944007,100
"11:40:00",3.17607174103237,100
"11:40:01",3.12839020122485,100
"11:40:02",2.97818241469816,100
"11:40:03",2.91185476815398,100
"11:40:04",2.92147856517935,100
"11:40:05",3.0492125984252,100
"11:40:06",3.36701662292213,100
"11:40:07",3.60586176727909,100
"11:40:08",3.65988626421697,100
"11:40:09",3.65485564304462,100
"11:40:10",3.53630796150481,100
"11:40:11",3.38167104111986,100
"11:40:12",3.39523184601925,100
"11:40:13",3.35126859142607,100
"11:40:14",10.5533683289589,11.4
"11:40:15",9.59142607174103,28.0666666666667
"11:40:16",5.44927001312336,65.5625
"11:40:17",7.83245844269466,15.8666666666667
"11:40:18",11.010498687664,5.73333333333333
"11:40:19",10.6456692913386,11.6
"11:40:20",8.66032370953631,36.2666666666667
"11:40:21",3.67672790901137,92.2
"11:40:22",3.35629921259843,100
"11:40:23",3.43591426071741,100
"11:40:24",3.43700787401575,100
"11:40:25",3.31058617672791,100
"11:40:26",3.27515310586177,100
"11:40:27",3.30489938757655,100
"11:40:28",3.32533628608924,100
"11:40:29",3.47484689413823,100
"11:40:30",3.53062117235346,100
"11:40:31",3.58573928258968,100
"11:40:32",3.60214348206474,100
"11:40:33",3.59689413823272,100
"11:40:34",3.58070866141732,100
"11:40:35",3.51911089238845,100
"11:40:36",3.41666666666667,100
"11:40:37",3.32436570428696,100
"11:40:38",3.17891513560805,100
"11:40:39",3.04221347331584,100
"11:40:40",2.89829396325459,100
"11:40:41",2.93788276465442,100
"11:40:42",3.03674540682415,100
"11:40:43",3.13845144356955,100
"11:40:44",3.25153105861767,100
"11:40:45",3.2674978127734,100
"11:40:46",3.23075240594926,100
"11:40:47",3.14632545931759,100
"11:40:48",3.02595964566929,100
"11:40:49",2.98097112860892,100
"11:40:50",3.09055118110236,100
"11:40:51",3.20691163604549,100
"11:40:52",3.26377952755906,100
"11:40:53",3.28455818022747,100
"11:40:54",3.26033464566929,100
"11:40:55",3.26706036745407,100
"11:40:56",3.2594050743657,100
"11:40:57",3.26596675415573,100
"11:40:58",3.18416447944007,100
"11:40:59",3.0573053368329,100
"11:41:00",3.1172353455818,100
"11:41:01",3.17235345581802,100
"11:41:02",3.20230479002625,100
"11:41:03",5.11811023622047,66.6666666666667
"11:41:04",9.71719160104987,0
"11:41:05",9.0336832895888,6.06666666666667
"11:41:06",7.66885389326334,16.7333333333333
"11:41:07",6.20450568678915,17.6
"11:41:08",3.84534940944882,86.4375
"11:41:09",3.19038245219348,100
"11:41:10",3.24680118110236,100
"11:41:11",3.25349956255468,100
"11:41:12",3.18700787401575,100
"11:41:13",3.13538932633421,100
"11:41:14",3.09011373578303,100
"11:41:15",2.97367125984252,100
"11:41:16",2.91316710411199,100
"11:41:17",3.18153980752406,100
"11:41:18",3.45406824146982,100
"11:41:19",3.46959755030621,100
"11:41:20",3.54702537182852,100
"11:41:21",3.77788713910761,100
"11:41:22",3.99781277340332,100
"11:41:23",4.19925634295713,100
"11:41:24",4.20516185476815,100
"11:41:25",4.20800524934383,100
"11:41:26",4.24693788276465,100
"11:41:27",4.2742782152231,100
"11:41:28",4.26140091863517,100
"11:41:29",4.2843394575678,100
"11:41:30",4.29286964129484,100
"11:41:31",4.27865266841645,100
"11:41:32",4.33836395450569,100
"11:41:33",4.38670166229221,100
"11:41:34",4.49803149606299,100
"11:41:35",4.46303587051619,100
"11:41:36",4.27340332458443,100
"11:41:37",4.02909011373578,100
"11:41:38",3.81408573928259,100
"11:41:39",3.62095363079615,100
"11:41:40",3.53859087926509,100
"11:41:41",3.51334208223972,100
"11:41:42",3.48840769903762,100
"11:41:43",3.5492125984252,100
"11:41:44",3.54068241469816,100
"11:41:45",3.49540682414698,100
"11:41:46",3.52777777777778,100
"11:41:47",3.42355643044619,100
"11:41:48",3.19706911636045,100
"11:41:49",3.0404636920385,100
"11:41:50",3.04440069991251,100
"11:41:51",3.03193350831146,100
"11:41:52",3.07239720034996,100
"11:41:53",3.12095363079615,100
"11:41:54",3.1319717847769,100
"11:41:55",3.1489501312336,100
"11:41:56",3.13101487314086,100
"11:41:57",3.12926509186352,100
"11:41:58",3.0673665791776,100
"11:41:59",2.98753280839895,100
"11:42:00",2.91732283464567,100
"11:42:01",2.97982283464567,100
"11:42:02",3.2762467191601,100
"11:42:03",3.68613298337708,100
"11:42:04",4.12620297462817,100
"11:42:05",4.67869641294838,100
"11:42:06",5.16076115485564,100
"11:42:07",5.54523458005249,100
"11:42:08",6.10389326334208,100
"11:42:09",6.36329833770779,100
"11:42:10",6.63385826771654,100
"11:42:11",7.01662292213473,100
"11:42:12",7.17125984251969,100
"11:42:13",7.2082239720035,100
"11:42:14",6.90104166666667,100
"11:42:15",6.78608923884515,100
"11:42:16",6.67191601049869,100
"11:42:17",6.79330708661417,100
"11:42:18",6.82239720034996,100
"11:42:19",6.67804024496938,100
"11:42:20",6.72715715223097,100
"11:42:21",6.70580239970004,100
"11:42:22",6.68832020997375,100
"11:42:23",6.65704286964129,100
"11:42:24",6.67563429571304,100
"11:42:25",6.71937882764654,100
"11:42:26",6.6826334208224,100
"11:42:27",6.69291338582677,100
"11:42:28",6.72484689413823,100
"11:42:29",6.68110236220472,100
"11:42:30",6.87948381452318,100
"11:42:31",7.26202974628171,100
"11:42:32",7.64304461942257,100
"11:42:33",7.9676290463692,100
"11:42:34",8.44406167979003,100
"11:42:35",9.10170603674541,100
"11:42:36",9.47047244094488,100
"11:42:37",9.90376202974628,100
"11:42:38",10.3755468066492,100
"11:42:39",10.832895888014,100
"11:42:40",11.2095363079615,100
"11:42:41",11.5237450787402,100
"11:42:42",11.3783902012248,100
"11:42:43",11.3101487314086,100
"11:42:44",11.1576990376203,100
"11:42:45",10.9324146981627,100
"11:42:46",10.8792650918635,100
"11:42:47",11.1299212598425,100
"11:42:48",11.3003062117235,100
"11:42:49",11.0557742782152,100
"11:42:50",10.9114173228346,100
"11:42:51",10.8300524934383,100
"11:42:52",10.584208223972,100
"11:42:53",10.2349081364829,100
"11:42:54",10.1275426509186,100
"11:42:55",9.81517935258093,100
"11:42:56",9.62664041994751,100
"11:42:57",9.64413823272091,100
"11:42:58",9.59076990376203,100
"11:42:59",9.56446850393701,100
"11:43:00",9.6071741032371,100
"11:43:01",9.65726159230096,100
"11:43:02",9.65048118985127,100
"11:43:03",9.33923884514436,100
"11:43:04",9.37160979877515,100
"11:43:05",9.58377077865267,100
"11:43:06",9.59768700787402,100
"11:43:07",9.52952755905512,100
"11:43:08",9.52252843394576,100
"11:43:09",9.63867016622922,100
"11:43:10",9.76727909011374,100
"11:43:11",9.7425634295713,100
"11:43:12",9.80489938757655,100
"11:43:13",9.84076990376203,100
"11:43:14",9.85031167979003,100
"11:43:15",9.80118110236221,100
"11:43:16",9.84995625546807,100
"11:43:17",9.96544181977253,100
"11:43:18",9.81824146981627,100
"11:43:19",9.73731408573928,100
"11:43:20",9.74212598425197,100
"11:43:21",9.73015091863517,100
"11:43:22",9.65616797900262,100
"11:43:23",9.61548556430446,100
"11:43:24",9.51268591426072,100
"11:43:25",9.42104111986002,100
"11:43:26",9.44436632920885,100
"11:43:27",9.32947834645669,100
"11:43:28",9.14720034995626,100
"11:43:29",8.91797900262467,100
"11:43:30",8.75699912510936,100
"11:43:31",8.68285214348206,100
"11:43:32",8.37554680664917,100
"11:43:33",8.15266841644794,100
"11:43:34",7.96464895013123,100
"11:43:35",7.89413823272091,100
"11:43:36",7.98512685914261,100
"11:43:37",7.79155730533683,100
"11:43:38",7.53127734033246,100
"11:43:39",7.46084864391951,100
"11:43:40",7.47375328083989,100
"11:43:41",7.36701662292213,100
"11:43:42",7.3584864391951,100
"11:43:43",7.44006999125109,100
"11:43:44",7.48906386701662,100
"11:43:45",7.55030621172353,100
"11:43:46",7.64189632545932,100
"11:43:47",7.56517935258093,100
"11:43:48",7.43110236220472,100
"11:43:49",7.42125984251969,100
"11:43:50",7.46128608923885,100
"11:43:51",7.52165354330709,100
"11:43:52",7.54593175853018,100
"11:43:53",7.53630796150481,100
"11:43:54",7.58571194225722,100
"11:43:55",7.71522309711286,100
"11:43:56",7.77537182852144,100
"11:43:57",7.93547681539808,100
"11:43:58",7.84776902887139,100
"11:43:59",7.57853510498688,100
"11:44:00",7.70253718285214,100
"11:44:01",7.53069928758905,100
"11:44:02",7.53752460629921,100
"11:44:03",7.77384076990376,100
"11:44:04",7.94466316710411,100
"11:44:05",7.87576552930884,100
"11:44:06",7.95275590551181,100
"11:44:07",8.09995625546807,100
"11:44:08",8.21019247594051,100
"11:44:09",8.26727909011374,100
"11:44:10",8.29199475065617,100
"11:44:11",8.47265966754156,100
"11:44:12",8.28248031496063,100
"11:44:13",8.15923009623797,100
"11:44:14",8.21041119860018,100
"11:44:15",8.17847769028871,100
"11:44:16",8.25328083989501,100
"11:44:17",8.48293963254593,100
"11:44:18",8.6165791776028,100
"11:44:19",8.65977690288714,100
"11:44:20",8.50459317585302,100
"11:44:21",7.89479440069991,100
"11:44:22",7.09886264216973,100
"11:44:23",6.27340332458443,100
"11:44:24",5.47594050743657,100
"11:44:25",4.63692038495188,100
"11:44:26",3.88429571303587,100
"11:44:27",3.56668307086614,100
"11:44:28",3.45734908136483,100
"11:44:29",3.39763779527559,100
"11:44:30",3.25437445319335,100
"11:44:31",3.17213473315836,100
"11:44:32",3.20209973753281,100
"11:44:33",3.07305336832896,100
"11:44:34",2.82890419947507,100
"11:44:35",2.68175853018373,100
"11:44:36",2.7331583552056,100
"11:44:37",2.92322834645669,100
"11:44:38",2.96850393700787,100
"11:44:39",2.97528433945757,100
"11:44:40",3.11474737532808,100
"11:44:41",3.49431321084864,100
"11:44:42",3.93963254593176,100
"11:44:43",4.12007874015748,100
"11:44:44",4.56561679790026,100
"11:44:45",5.01793525809274,100
"11:44:46",5.16711778215223,100
"11:44:47",5.43000874890639,100
"11:44:48",5.77799650043745,100
"11:44:49",5.92147856517935,100
"11:44:50",6.11636045494313,100
"11:44:51",6.65682414698163,100
"11:44:52",7.06977252843395,100
"11:44:53",7.17366579177603,100
"11:44:54",7.63738517060367,100
"11:44:55",8.31036745406824,100
"11:44:56",8.61811023622047,100
"11:44:57",8.71041119860018,100
"11:44:58",8.68868930446194,100
"11:44:59",8.84645669291339,100
"11:45:00",8.99387576552931,100
"11:45:01",9.0505249343832,100
"11:45:02",9.14807524059493,100
"11:45:03",9.23097112860892,100
"11:45:04",9.2257217847769,100
"11:45:05",9.26591207349081,100
"11:45:06",9.08552055993001,100
"11:45:07",9.14282589676291,100
"11:45:08",9.34317585301837,100
"11:45:09",9.47900262467192,100
"11:45:10",9.61701662292213,100
"11:45:11",10.0220909886264,100
"11:45:12",10.2415518372703,100
"11:45:13",10.1279527559055,100
"11:45:14",10.0542432195976,100
"11:45:15",9.88145231846019,100
"11:45:16",9.79549431321085,100
"11:45:17",9.73293963254593,100
"11:45:18",9.62139107611549,100
"11:45:19",9.61962762467192,100
"11:45:20",9.52471566054243,100
"11:45:21",9.41251093613298,100
"11:45:22",9.25284339457568,100
"11:45:23",9.04374453193351,100
"11:45:24",8.77274715660542,100
"11:45:25",8.57895888013998,100
"11:45:26",8.31057250656168,100
"11:45:27",7.96937882764654,100
"11:45:28",7.4588801399825,100
"11:45:29",6.86614173228346,100
"11:45:30",6.38670166229221,100
"11:45:31",6.35739282589676,100
"11:45:32",6.27071030183727,100
"11:45:33",6.11876640419948,100
"11:45:34",6.06758530183727,100
"11:45:35",6.10258092738408,100
"11:45:36",6.01312335958005,100
"11:45:37",5.95997375328084,100
"11:45:38",5.94028871391076,100
"11:45:39",5.92765748031496,100
"11:45:40",5.95625546806649,100
"11:45:41",6.05402449693788,100
"11:45:42",6.18503937007874,100
"11:45:43",6.29943132108486,100
"11:45:44",6.37029746281715,100
"11:45:45",6.4070428696413,100
"11:45:46",6.47412237532808,100
"11:45:47",6.37204724409449,100
"11:45:48",6.54199475065617,100
"11:45:49",6.61876640419947,100
"11:45:50",6.55535245594301,100
"11:45:51",6.44151902887139,100
"11:45:52",6.45100612423447,100
"11:45:53",6.42366579177603,100
"11:45:54",6.45734908136483,100
"11:45:55",6.44488188976378,100
"11:45:56",6.27405949256343,100
"11:45:57",6.03827646544182,100
"11:45:58",5.77165354330709,100
"11:45:59",5.36991469816273,100
"11:46:00",5.23053368328959,100
"11:46:01",5.17366579177603,100
"11:46:02",5.09208223972004,100
"11:46:03",5.09886264216973,100
"11:46:04",5.15748031496063,100
"11:46:05",5.15288713910761,100
"11:46:06",5.13759022309711,100
"11:46:07",4.94553805774278,100
"11:46:08",4.832895888014,100
"11:46:09",4.74890638670166,100
"11:46:10",4.70753655793026,100
"11:46:11",4.84436515748031,100
"11:46:12",4.88254593175853,100
"11:46:13",4.90930821147357,100
"11:46:14",5.19705544619423,100
"11:46:15",5.78762029746282,100
"11:46:16",6.3584864391951,100
"11:46:17",6.94772528433946,100
"11:46:18",7.32174103237095,100
"11:46:19",7.6027312992126,100
"11:46:20",7.92191601049869,100
"11:46:21",8.39741907261592,100
"11:46:22",8.85870516185477,100
"11:46:23",9.27712160979878,100
"11:46:24",9.70451935695538,100
"11:46:25",9.91586989126359,100
"11:46:26",10.3143454724409,100
"11:46:27",10.6211723534558,100
"11:46:28",10.8807961504812,100
"11:46:29",10.915135608049,100
"11:46:30",10.9825021872266,100
"11:46:31",10.9381014873141,100
"11:46:32",10.8165190288714,100
"11:46:33",10.7613892013498,100
"11:46:34",10.7394192913386,100
"11:46:35",10.6841644794401,100
"11:46:36",10.6170166229221,100
"11:46:37",10.8175442913386,100
"11:46:38",10.9807524059493,100
"11:46:39",11.0999562554681,100
"11:46:40",11.1362642169729,100
"11:46:41",11.422353455818,100
"11:46:42",12.1244531933508,100
"11:46:43",12.578302712161,100
"11:46:44",13.1235646325459,100
"11:46:45",13.6953974503187,100
"11:46:46",13.9380331364829,100
"11:46:47",14.0367454068241,100
"11:46:48",14.496062992126,100
"11:46:49",14.2699037620297,100
"11:46:50",14.4048556430446,100
"11:46:51",14.6464895013123,100
"11:46:52",14.755905511811,100
"11:46:53",14.6701662292213,100
"11:46:54",14.7125984251969,100
"11:46:55",14.5015310586177,100
"11:46:56",14.656605424322,100
"11:46:57",14.7128171478565,100
"11:46:58",14.8505167322835,100
"11:46:59",14.9486001749781,100
"11:47:00",15.156605424322,100
"11:47:01",15.3906386701662,100
"11:47:02",15.417760279965,100
"11:47:03",15.4796587926509,100
"11:47:04",15.4787975721785,100
"11:47:05",15.4120734908136,100
"11:47:06",15.3794838145232,100
"11:47:07",15.0321522309711,100
"11:47:08",14.739501312336,100
"11:47:09",14.5540244969379,100
"11:47:10",14.5123851706037,100
"11:47:11",14.4930008748906,100
"11:47:12",14.5474628171479,100
"11:47:13",14.5905511811024,100
"11:47:14",14.6607611548556,100
"11:47:15",14.6417322834646,100
"11:47:16",14.6367016622922,100
"11:47:17",14.5638670166229,100
"11:47:18",14.2909011373578,100
"11:47:19",14.0896762904637,100
"11:47:20",14.0745844269466,100
"11:47:21",14.1126421697288,100
"11:47:22",14.044338207724,100
"11:47:23",13.836832895888,100
"11:47:24",13.5611466535433,100
"11:47:25",13.3667979002625,100
"11:47:26",13.2890419947507,100
"11:47:27",13.093394575678,100
"11:47:28",12.9945319335083,100
"11:47:29",12.9081364829396,100
"11:47:30",12.7794865485564,100
"11:47:31",12.8584864391951,100
"11:47:32",12.8075240594926,100
"11:47:33",13.0520559930009,100
"11:47:34",13.0715223097113,100
"11:47:35",12.7370953630796,100
"11:47:36",12.5531085958005,100
"11:47:37",12.3652668416448,100
"11:47:38",12.0721784776903,100
"11:47:39",11.8584864391951,100
"11:47:40",11.6038932633421,100
"11:47:41",11.2793088363955,100
"11:47:42",11.0201224846894,100
"11:47:43",10.7758092738408,100
"11:47:44",10.6383284120735,100
"11:47:45",10.6603237095363,100
"11:47:46",10.7961504811899,100
"11:47:47",10.6714785651794,100
"11:47:48",10.6972878390201,100
"11:47:49",10.7793088363955,100
"11:47:50",10.5778379265092,100
"11:47:51",10.2869641294838,100
"11:47:52",9.96084864391951,100
"11:47:53",9.59558180227472,100
"11:47:54",9.44116360454943,100
"11:47:55",9.38254593175853,100
"11:47:56",9.43897637795276,100
"11:47:57",9.55134514435696,100
"11:47:58",9.52252843394576,100
"11:47:59",9.65354330708661,100
"11:48:00",9.66754155730534,100
"11:48:01",9.8234908136483,100
"11:48:02",9.91666666666667,100
"11:48:03",9.86015419947507,100
"11:48:04",9.91863517060368,100
"11:48:05",9.96828521434821,100
"11:48:06",9.86089238845144,100
"11:48:07",9.87314085739283,100
"11:48:08",9.97047244094488,100
"11:48:09",10.0133420822397,100
"11:48:10",10.1999261811024,100
"11:48:11",10.4033245844269,100
"11:48:12",10.6240157480315,100
"11:48:13",10.8357392825897,100
"11:48:14",10.9529746281715,100
"11:48:15",11.2066929133858,100
"11:48:16",11.2403762029746,100
"11:48:17",11.7863079615048,100
"11:48:18",12.574844160105,100
"11:48:19",13.0400262467192,100
"11:48:20",13.5662729658793,100
"11:48:21",14.2281277340332,100
"11:48:22",14.6082677165354,100
"11:48:23",14.6299212598425,100
"11:48:24",14.7635744750656,100
"11:48:25",15.2655293088364,100
"11:48:26",15.6049868766404,100
"11:48:27",15.9429133858268,98.2666666666667
"11:48:28",15.0089676290464,75.3333333333333
"11:48:29",14.2683727034121,39.7333333333333
"11:48:30",14.4941354986877,11.5
"11:48:31",15.088145231846,29.2666666666667
"11:48:32",14.8783902012248,34.2666666666667
"11:48:33",14.3530183727034,16.4
"11:48:34",14.4932195975503,6.26666666666667
"11:48:35",13.4291338582677,0
"11:48:36",10.0115923009624,5.46666666666667
"11:48:37",8.49840059055118,59.875
"11:48:38",11.2016622922135,6.53333333333333
"11:48:39",14.6257655293088,47.3333333333333
"11:48:40",14.0310586176728,31
"11:48:41",13.255905511811,0
"11:48:42",8.41447944006999,30.8666666666667
"11:48:43",8.0415436351706,46.625
"11:48:44",12.4737532808399,1.2
"11:48:45",13.5614610673666,0.533333333333333
"11:48:46",13.1380139982502,0.533333333333333
"11:48:47",13.1052055993001,0
"11:48:48",10.9470691163605,0.733333333333333
"11:48:49",12.5159667541557,1.93333333333333
"11:48:50",12.9529609580052,7
"11:48:51",13.9385389326334,7.66666666666667
"11:48:52",13.9582239720035,8.4
"11:48:53",13.7084426946632,3.8
"11:48:54",13.6375765529309,2.8
"11:48:55",14.0489938757655,10.2
"11:48:56",14.5025426509186,5
"11:48:57",13.4711286089239,5.42857142857143
"11:48:58",14.0319471784777,8.25
"11:48:59",14.5417760279965,16.7333333333333
"11:49:00",13.9842519685039,2.6
"11:49:01",13.7849956255468,11.5333333333333
"11:49:02",12.9176040494938,6.28571428571429
"11:49:03",13.0766076115486,11.125
"11:49:04",14.4367891513561,9.53333333333333
"11:49:05",14.5662729658793,20.8666666666667
"11:49:06",14.2220034995626,17
"11:49:07",14.240157480315,23.6666666666667
"11:49:08",14.1323272090989,23.2666666666667
"11:49:09",14.2657480314961,6.86666666666667
"11:49:10",14.320250984252,0.75
"11:49:11",13.8932633420822,1.8
"11:49:12",14.3657042869641,11.2666666666667
"11:49:13",11.7666229221347,10.5333333333333
"11:49:14",13.1008311461067,0
"11:49:15",14.0448381452318,4.93333333333333
"11:49:16",13.1233595800525,7.375
"11:49:17",13.0120297462817,20.8
"11:49:18",13.0605861767279,0
"11:49:19",13.9149168853893,5.13333333333333
"11:49:20",12.8869203849519,6.06666666666667
"11:49:21",13.4822834645669,3.46666666666667
"11:49:22",12.9418197725284,8.06666666666667
"11:49:23",11.878280839895,0
"11:49:24",14.0997375328084,7.4
"11:49:25",13.4173228346457,8.46666666666667
"11:49:26",9.32042869641295,0
"11:49:27",11.992125984252,1.06666666666667
"11:49:28",14.4013560804899,27.8666666666667
"11:49:29",15.4004811898513,29.8
"11:49:30",13.4914288057743,20.5
"11:49:31",13.9251968503937,41.4666666666667
"11:49:32",15.0489938757655,100
"11:49:33",15.4063867016623,100
"11:49:34",15.8143044619423,100
"11:49:35",15.6375765529309,100
"11:49:36",15.4371719160105,100
"11:49:37",15.3024934383202,100
"11:49:38",15.2095363079615,96.4
"11:49:39",15.4090113735783,94.4666666666667
"11:49:40",15.7392825896763,90.0666666666667
"11:49:41",14.5212160979878,49.3333333333333
"11:49:42",13.8359580052493,17.9333333333333
"11:49:43",14.2837516404199,33
"11:49:44",14.3626421697288,5.66666666666667
"11:49:45",13.7012248468941,5.73333333333333
"11:49:46",12.8667979002625,3.2
"11:49:47",13.9127296587927,7.4
"11:49:48",14.4293525809274,14.0666666666667
"11:49:49",14.6442339238845,3.625
"11:49:50",13.8950131233596,1.2
"11:49:51",13.3628608923885,4.86666666666667
"11:49:52",14.3182414698163,23.9333333333333
"11:49:53",13.6983814523185,5.6
"11:49:54",13.0564304461942,0
"11:49:55",10.5524114173228,0
"11:49:56",11.5203412073491,0
"11:49:57",13.6531058617673,2.86666666666667
"11:49:58",14.3208661417323,18.2
"11:49:59",13.0653980752406,10.2666666666667
"11:50:00",12.9291338582677,26.6666666666667
"11:50:01",14.0122484689414,26.6666666666667
"11:50:02",13.7086614173228,19
"11:50:03",13.3298474409449,21.75
"11:50:04",13.1049868766404,8.46666666666667
"11:50:05",13.0977690288714,5.46666666666667
"11:50:06",13.4324146981627,6.53333333333333
"11:50:07",13.8372703412074,9.06666666666667
"11:50:08",14.0216535433071,3
"11:50:09",14.4324146981627,0.933333333333333
"11:50:10",13.455749671916,2.75
"11:50:11",9.70647419072616,0
"11:50:12",9.22965879265092,2.13333333333333
"11:50:13",9.07305336832896,20.8666666666667
"11:50:14",7.88363954505687,90.9333333333333
"11:50:15",7.67737040682415,100
"11:50:16",7.6334208223972,100
"11:50:17",7.74496937882765,100
"11:50:18",7.86286089238845,100
"11:50:19",8.01224846894138,95.4666666666667
"11:50:20",8.21456692913386,79.8
"11:50:21",9.96391076115486,27.5333333333333
"11:50:22",9.4477936351706,5
"11:50:23",9.17541557305337,5.33333333333333
"11:50:24",8.7338145231846,55.2
"11:50:25",8.44094488188976,100
"11:50:26",8.47703412073491,79.6
"11:50:27",8.47550306211724,83
"11:50:28",8.56094160104987,67.375
"11:50:29",10.3011811023622,4
"11:50:30",10.3182414698163,15.4
"11:50:31",8.76202974628172,97.7333333333333
"11:50:32",9.45188101487314,72.1333333333333
"11:50:33",13.4790026246719,2.46666666666667
"11:50:34",14.5192475940507,0.666666666666667
"11:50:35",12.5143536745407,0
"11:50:36",11.4949693788276,0
"11:50:37",13.3094925634296,1.26666666666667
"11:50:38",12.8160542432196,3.93333333333333
"11:50:39",13.5621172353456,2.53333333333333
"11:50:40",14.7130358705162,9.73333333333333
"11:50:41",14.5002187226597,34.5333333333333
"11:50:42",13.2767388451444,20.8125
"11:50:43",12.5800524934383,0
"11:50:44",14.2038495188101,4.4
"11:50:45",14.6032370953631,18.1333333333333
"11:50:46",14.9483814523185,30.8
"11:50:47",15.1679790026247,45.8
"11:50:48",14.8733595800525,5.06666666666667
"11:50:49",13.9615048118985,12.5333333333333
"11:50:50",12.96875,9.5625
"11:50:51",13.9984689413823,0.466666666666667
"11:50:52",14.0380577427822,2.2
"11:50:53",8.55183727034121,19.9333333333333
"11:50:54",7.5074365704287,23.0666666666667
"11:50:55",12.8311597769029,14.6875
"11:50:56",13.5553368328959,31.0666666666667
"11:50:57",14.1132983377078,13.8
"11:50:58",13.7136920384952,8.73333333333333
"11:50:59",14.0656167979003,20.8666666666667
"11:51:00",14.6148293963255,21.1333333333333
"11:51:01",14.1970691163605,23.8666666666667
"11:51:02",14.5409011373578,29.1333333333333
"11:51:03",14.5250984251969,10.875
"11:51:04",14.8648293963255,7.73333333333333
"11:51:05",14.7123797025372,9.13333333333333
"11:51:06",14.9864391951006,11.9333333333333
"11:51:07",14.7576552930884,7.93333333333333
"11:51:08",14.7224409448819,9
"11:51:09",14.6501804461942,8.4375
"11:51:10",14.6979440069991,14.5333333333333
"11:51:11",14.4991251093613,2.53333333333333
"11:51:12",14.7416885389326,9.93333333333333
"11:51:13",14.4737532808399,15.8
"11:51:14",14.3667979002625,13.6
"11:51:15",13.4690780839895,29.125
"11:51:16",14.2090988626422,13.6
"11:51:17",14.4002624671916,11.9333333333333
"11:51:18",14.5131233595801,34.3333333333333
"11:51:19",14.5096237970254,7.6
"11:51:20",14.7865266841645,7
"11:51:21",14.5494313210849,7.2
"11:51:22",14.6448490813648,15.9375
"11:51:23",14.2924321959755,19.2
"11:51:24",13.8969816272966,9
"11:51:25",13.0912073490814,7.4
"11:51:26",13.9620828646419,3.92857142857143
"11:51:27",14.6452318460192,4.06666666666667
"11:51:28",15.4002624671916,5.46666666666667
"11:51:29",15.033218503937,9.0625
"11:51:30",14.6338582677165,11
"11:51:31",14.4588801399825,8.53333333333333
"11:51:32",14.8204286964129,25
"11:51:33",14.5161854768154,19.6666666666667
"11:51:34",14.7889326334208,6.26666666666667
"11:51:35",14.125656167979,16.1875
"11:51:36",14.076990376203,25.2
"11:51:37",14.4851268591426,17.3333333333333
"11:51:38",14.3337707786527,13.7333333333333
"11:51:39",14.6520122484689,22.0666666666667
"11:51:40",14.1719160104987,14.2666666666667
"11:51:41",14.6272145669291,41.9375
"11:51:42",14.091426071741,39.8
"11:51:43",14.1397637795276,14.8666666666667
"11:51:44",14.7917760279965,3.06666666666667
"11:51:45",14.8891076115486,0.733333333333333
"11:51:46",14.7602799650044,0.8
"11:51:47",14.6723261154856,6.8125
"11:51:48",14.7362204724409,0
"11:51:49",14.9140419947507,5.2
