"time","date","flight_time","depth","heading","battery_remaining","lat","lon","satellite_count","temp","seq","avg_dist","avg_conf","EucDIS","clock","clock_min","lat_smooth","lon_smooth","EucSmooth"
"14:23:32","10/6/2022","00:41:49",-5.88264,282,80,47.6304512,-122.3984298,10,54.95,41.85,0.938444444444444,100,NA,1,0.0166666666666667,47.6304487774703,-122.398434059098,NA
"14:23:33","10/6/2022","00:41:50",-5.88264,283,80,47.6304512,-122.3984298,10,54.99,41.8666666666667,0.923222222222222,100,0,2,0.0333333333333333,47.6304489189393,-122.398433705036,0.0308995769711345
"14:23:34","10/6/2022","00:41:51",-5.82168,283,80,47.6304512,-122.3984298,10,54.99,41.8833333333333,0.902222222222222,100,0,3,0.05,47.6304490663995,-122.398433569114,0.0193099411573713
"14:23:35","10/6/2022","00:41:52",-5.7912,282,80,47.6304512,-122.3984298,10,54.95,41.9,0.9026,100,0,4,0.0666666666666667,47.6304492194614,-122.398433640515,0.0178372387979352
"14:23:36","10/6/2022","00:41:53",-5.82168,278,80,47.6304512,-122.3984298,10,54.99,41.9166666666667,0.929555555555556,100,0,5,0.0833333333333333,47.6304493777428,-122.398433908645,0.0267442339398185
"14:23:37","10/6/2022","00:41:54",-5.7912,279,80,47.6304512,-122.3984375,10,54.95,41.9333333333333,0.947888888888889,100,0.578489933325916,6,0.1,47.630449540868,-122.398434363135,0.0386599690466379
"14:23:38","10/6/2022","00:41:55",-5.7912,279,80,47.6304512,-122.3984375,10,54.99,41.95,0.959555555555555,100,0,7,0.116666666666667,47.6304497084684,-122.398434993845,0.0509141237801435
"14:23:39","10/6/2022","00:41:56",-5.7912,279,80,47.6304512,-122.3984375,10,54.99,41.9666666666667,0.977777777777778,100,0,8,0.133333333333333,47.6304498801821,-122.398435790854,0.0628459840497789
"14:23:40","10/6/2022","00:41:57",-5.82168,279,80,47.6304512,-122.3984451,10,54.95,41.9833333333333,0.975666666666667,100,0.570977074901717,9,0.15,47.6304500556543,-122.398436744472,0.074250887083
"14:23:41","10/6/2022","00:41:58",-5.85216,279,80,47.6304473,-122.3984451,10,54.95,42,0.948666666666667,100,0.433451644383719,10,0.166666666666667,47.6304502345372,-122.398437845231,0.0850546804789287
"14:23:42","10/6/2022","00:41:59",-5.85216,280,80,47.6304473,-122.3984527,10,54.95,42.0166666666667,0.913777777777778,100,0.570977118937579,11,0.183333333333333,47.6304504164895,-122.39843908389,0.0952305167632211
"14:23:43","10/6/2022","00:42:00",-5.82168,282,80,47.6304512,-122.3984451,10,54.95,42.0333333333333,0.900444444444444,100,0.716864822261584,12,0.2,47.6304506011771,-122.398440451429,0.104771699464474
"14:23:44","10/6/2022","00:42:01",-5.7912,282,80,47.6304512,-122.3984527,10,54.95,42.05,0.9216,100,0.570977076447265,13,0.216666666666667,47.6304507882728,-122.398441939059,0.113681451954236
"14:23:45","10/6/2022","00:42:02",-5.7912,279,80,47.6304448333333,-122.398445066667,10,54.95,42.0666666666667,0.946444444444444,100,0.910812520470639,14,0.233333333333333,47.6304509774561,-122.398443538212,0.121968107900824
"14:23:46","10/6/2022","00:42:03",-5.85216,279,80,47.6304384666667,-122.398437433333,10,54.99,42.0833333333333,0.949444444444444,100,0.910812560612513,15,0.25,47.6304511684135,-122.398445240548,0.129642999473939
"14:23:47","10/6/2022","00:42:04",-5.85216,279,80,47.6304321,-122.3984298,10,54.95,42.1,0.928,100,0.91081260542726,16,0.266666666666667,47.6304513608386,-122.398447037949,0.136719207421891
"14:23:48","10/6/2022","00:42:05",-5.82168,279,80,47.6304435,-122.3984451,10,54.99,42.1166666666667,0.910222222222222,100,1.71072959166652,17,0.283333333333333,47.6304515544315,-122.398448922525,0.143211001392712
"14:23:49","10/6/2022","00:42:06",-5.7912,279,80,47.6304512,-122.3984527,10,54.99,42.1333333333333,0.917888888888889,100,1.02878079588017,18,0.3,47.6304517488996,-122.398450886609,0.149133335714276
"14:23:50","10/6/2022","00:42:07",-5.82168,279,80,47.6304512,-122.3984527,10,54.95,42.15,0.911555555555556,100,0,19,0.316666666666667,47.6304519439568,-122.398452922761,0.154501692174714
"14:23:51","10/6/2022","00:42:08",-5.82168,279,80,47.630455,-122.3984603,10,54.95,42.1666666666667,0.894444444444444,100,0.710199800016382,20,0.333333333333333,47.6304521393243,-122.398455023766,0.159331909600787
"14:23:52","10/6/2022","00:42:09",-5.82168,280,80,47.6304588,-122.3984527,10,54.95,42.1833333333333,0.885444444444444,100,0.710199768560049,21,0.35,47.6304523347298,-122.398457182632,0.163640054990979
"14:23:53","10/6/2022","00:42:10",-5.82168,282,80,47.630455,-122.3984603,10,54.95,42.2,0.8876,100,0.710199768560049,22,0.366666666666667,47.6304525299083,-122.398459392595,0.16744241588736
"14:23:54","10/6/2022","00:42:11",-5.7912,286,80,47.630455,-122.3984603,10,54.95,42.2166666666667,0.898333333333333,100,0,23,0.383333333333333,47.6304527246014,-122.398461647114,0.17075536404224
"14:23:55","10/6/2022","00:42:12",-5.82168,284,80,47.630455,-122.398468,10,54.95,42.2333333333333,0.907444444444444,100,0.578489888017974,24,0.4,47.6304529185577,-122.398463939874,0.173595404289827
"14:23:56","10/6/2022","00:42:13",-5.85216,286,80,47.630455,-122.398468,10,54.95,42.25,0.905666666666667,100,0,25,0.416666666666667,47.6304531115327,-122.398466264787,0.175979154901059
"14:23:57","10/6/2022","00:42:14",-5.85216,286,80,47.630455,-122.398468,10,54.95,42.2666666666667,0.902888888888889,100,0,26,0.433333333333333,47.6304533032887,-122.398468615986,0.177923214685837
"14:23:58","10/6/2022","00:42:15",-5.7912,286,80,47.630455,-122.398468,10,54.95,42.2833333333333,0.897,100,0,27,0.45,47.6304534935952,-122.398470987832,0.179444299893312
"14:23:59","10/6/2022","00:42:16",-5.73024,285,80,47.630455,-122.3984756,10,54.95,42.3,0.899888888888889,100,0.570977033937155,28,0.466666666666667,47.6304536822282,-122.398473374912,0.180559141783743
"14:24:00","10/6/2022","00:42:17",-5.73024,286,80,47.6304588,-122.3984756,10,54.95,42.3166666666667,0.906,100,0.422337498369521,29,0.483333333333333,47.6304538689708,-122.398475772036,0.181284475985157
"14:24:01","10/6/2022","00:42:18",-5.69976,287,80,47.630455,-122.3984756,10,54.95,42.3333333333333,0.925666666666667,100,0.422337498369521,30,0.5,47.6304540536131,-122.398478174241,0.181637120733669
"14:24:02","10/6/2022","00:42:19",-5.66928,286,80,47.630455,-122.3984832,10,54.95,42.35,0.9579,100,0.570977031750323,31,0.516666666666667,47.6304542359518,-122.398480576786,0.181633845337317
"14:24:03","10/6/2022","00:42:20",-5.69976,285,80,47.6304512,-122.3984832,10,54.95,42.3666666666667,0.989,100,0.422337496184569,32,0.533333333333333,47.6304544157907,-122.398482975159,0.181291522088519
"14:24:04","10/6/2022","00:42:21",-5.69976,285,80,47.6304588,-122.3984756,10,54.95,42.3833333333333,1.00255555555556,100,1.01955412642379,33,0.55,47.6304545929406,-122.398485365072,0.180626938787878
"14:24:05","10/6/2022","00:42:22",-5.69976,285,80,47.6304626,-122.3984756,10,54.95,42.4,1.00355555555556,100,0.422337499302621,34,0.566666666666667,47.630454767219,-122.39848774246,0.179656982721394
"14:24:06","10/6/2022","00:42:23",-5.66928,288,80,47.6304626,-122.3984756,10,54.95,42.4166666666667,1.01611111111111,100,0,35,0.583333333333333,47.6304549384502,-122.398490103487,0.178398481967781
"14:24:07","10/6/2022","00:42:24",-5.66928,286,80,47.6304626,-122.3984832,10,54.95,42.4333333333333,1.03066666666667,100,0.57097694898152,36,0.6,47.6304551064659,-122.398492444538,0.176868332015125
"14:24:08","10/6/2022","00:42:25",-5.6388,285,80,47.6304626,-122.3984909,10,54.95,42.45,1.03222222222222,100,0.5784898048585,37,0.616666666666667,47.6304552711041,-122.398494762226,0.175083385671302
"14:24:09","10/6/2022","00:42:26",-5.66928,285,80,47.6304588,-122.3984985,10,54.95,42.4666666666667,1.02633333333333,100,0.710199733459784,38,0.633333333333333,47.63045543221,-122.398497053389,0.173060548541598
"14:24:10","10/6/2022","00:42:27",-5.69976,285,80,47.630455,-122.3985061,10,54.95,42.4833333333333,1.00177777777778,100,0.710199767252315,39,0.65,47.6304555896358,-122.398499315089,0.170816684556987
"14:24:11","10/6/2022","00:42:28",-5.73024,286,80,47.630455,-122.3985061,10,54.95,42.5,0.967,100,0,40,0.666666666666667,47.6304557432402,-122.398501544614,0.168368697089826
"14:24:12","10/6/2022","00:42:29",-5.69976,286,80,47.630455,-122.3985061,10,54.95,42.5166666666667,0.9451,100,0,41,0.683333333333333,47.6304558928893,-122.398503739476,0.165733503853301
"14:24:13","10/6/2022","00:42:30",-5.66928,286,80,47.6304588,-122.3985061,10,54.95,42.5333333333333,0.960444444444444,100,0.422337497080999,42,0.7,47.6304560384557,-122.398505897414,0.162928000757229
"14:24:14","10/6/2022","00:42:31",-5.66928,286,80,47.630455,-122.3985061,10,54.95,42.55,0.985,100,0.422337497080999,43,0.716666666666667,47.630456179819,-122.398508016391,0.159969062146681
"14:24:15","10/6/2022","00:42:32",-5.66928,286,80,47.6304588,-122.3985137,10,54.95,42.5666666666667,1.00077777777778,100,0.710199765485291,44,0.733333333333333,47.6304563168659,-122.398510094595,0.156873660611867
"14:24:16","10/6/2022","00:42:33",-5.69976,286,80,47.6304588,-122.3985137,10,54.95,42.5833333333333,0.998222222222222,100,0,45,0.75,47.6304564494897,-122.398512130439,0.153658691175962
"14:24:17","10/6/2022","00:42:34",-5.66928,286,80,47.630455,-122.3985137,10,54.95,42.6,0.966111111111111,100,0.422337497691754,46,0.766666666666667,47.6304565775908,-122.398514122564,0.150341067931285
"14:24:18","10/6/2022","00:42:35",-5.66928,286,80,47.630455,-122.3985137,10,54.95,42.6166666666667,0.949666666666667,100,0,47,0.783333333333333,47.6304567010764,-122.398516069831,0.146937740689268
"14:24:19","10/6/2022","00:42:36",-5.69976,285,80,47.630455,-122.3985214,10,54.95,42.6333333333333,0.962555555555555,100,0.57848988736367,48,0.8,47.6304568198607,-122.398517971331,0.143465642910495
"14:24:20","10/6/2022","00:42:37",-5.66928,285,80,47.630455,-122.398529,10,54.95,42.65,0.970444444444444,100,0.570977029491865,49,0.816666666666667,47.6304569085628,-122.398519729124,0.132427915629399
"14:24:21","10/6/2022","00:42:38",-5.66928,285,80,47.6304512,-122.398529,10,54.95,42.6666666666667,0.9792,100,0.422337494249579,50,0.833333333333333,47.6304569719212,-122.398521724316,0.150061207966546
"14:24:22","10/6/2022","00:42:39",-5.66928,285,80,47.6304512,-122.398529,10,54.95,42.6833333333333,0.994111111111111,100,0,51,0.85,47.6304570098933,-122.398523629109,0.143166560031133
"14:24:23","10/6/2022","00:42:40",-5.69976,285,80,47.630455,-122.398529,10,54.95,42.7,0.991555555555556,100,0.422337494249579,52,0.866666666666667,47.6304570224699,-122.398525465362,0.137962099354473
"14:24:24","10/6/2022","00:42:41",-5.69976,286,80,47.630455,-122.398529,10,54.95,42.7166666666667,0.966555555555556,100,0,53,0.883333333333333,47.6304570096804,-122.398527255034,0.134462970032396
"14:24:25","10/6/2022","00:42:42",-5.69976,287,80,47.630455,-122.398529,10,54.95,42.7333333333333,0.939444444444444,100,0,54,0.9,47.6304569715984,-122.398528973659,0.129187194244552
"14:24:26","10/6/2022","00:42:43",-5.66928,287,80,47.6304588,-122.398529,10,54.95,42.75,0.946444444444444,100,0.422337496113974,55,0.916666666666667,47.6304568436802,-122.398530600773,0.123066632061999
"14:24:27","10/6/2022","00:42:44",-5.66928,287,80,47.630455,-122.3985366,10,54.95,42.7666666666667,0.973444444444444,100,0.710199763868598,56,0.933333333333333,47.6304567104534,-122.398532158506,0.11796323567729
"14:24:28","10/6/2022","00:42:45",-5.69976,287,80,47.6304512,-122.3985366,10,54.95,42.7833333333333,0.996777777777778,100,0.422337493929052,57,0.95,47.6304565697878,-122.398533495353,0.101644867790384
"14:24:29","10/6/2022","00:42:46",-5.69976,284,80,47.6304512,-122.3985366,10,54.95,42.8,0.983333333333333,100,0,58,0.966666666666667,47.6304566382155,-122.398534757757,0.0951470338384642
"14:24:30","10/6/2022","00:42:47",-5.69976,285,80,47.630455,-122.3985366,10,54.95,42.8166666666667,0.967,100,0.422337493929052,59,0.983333333333333,47.6304566816317,-122.398535789166,0.077638357287001
"14:24:31","10/6/2022","00:42:48",-5.66928,285,80,47.630455,-122.3985366,10,54.95,42.8333333333333,0.9632,100,0,60,1,47.6304566169423,-122.398536904643,0.0841120724762735
"14:24:32","10/6/2022","00:42:49",-5.66928,285,80,47.630455,-122.3985366,10,54.95,42.85,0.962222222222222,100,0,61,1.01666666666667,47.6304564492773,-122.39853794779,0.0805550802048185
"14:24:33","10/6/2022","00:42:50",-5.69976,285,80,47.630455,-122.3985443,10,54.95,42.8666666666667,0.961777777777778,100,0.578489886165458,62,1.03333333333333,47.630456411885,-122.398539066118,0.0841210508821208
"14:24:34","10/6/2022","00:42:51",-5.69976,285,80,47.630455,-122.3985443,10,54.95,42.8833333333333,0.950333333333333,100,0,63,1.05,47.6304568723681,-122.398540068188,0.0910327217379332
"14:24:35","10/6/2022","00:42:52",-5.69976,285,80,47.630455,-122.3985443,10,54.95,42.9,0.932,100,0,64,1.06666666666667,47.6304575834062,-122.398541364273,0.125405686316775
"14:24:36","10/6/2022","00:42:53",-5.66928,283,80,47.630455,-122.3985443,10,54.95,42.9166666666667,0.930333333333333,100,0,65,1.08333333333333,47.6304580991155,-122.398542499676,0.102769126813802
"14:24:37","10/6/2022","00:42:54",-5.6388,280,80,47.6304588,-122.3985443,10,54.95,42.9333333333333,0.943222222222222,100,0.422337495467505,66,1.1,47.6304583125533,-122.398543706353,0.0937080813156492
"14:24:38","10/6/2022","00:42:55",-5.69976,278,80,47.630455,-122.3985443,10,54.95,42.95,0.965777777777778,100,0.422337495467505,67,1.11666666666667,47.6304583950739,-122.398545086199,0.104070732483169
"14:24:39","10/6/2022","00:42:56",-5.73024,275,80,47.6304588,-122.3985443,10,54.95,42.9666666666667,0.967,100,0.422337495467505,68,1.13333333333333,47.6304582305837,-122.398546445604,0.103753493010337
"14:24:40","10/6/2022","00:42:57",-5.73024,275,80,47.6304588,-122.3985443,10,54.95,42.9833333333333,0.9356,100,0,69,1.15,47.6304580459587,-122.398547934843,0.113750421475368
"14:24:41","10/6/2022","00:42:58",-5.66928,275,80,47.6304626,-122.3985443,10,54.95,43,0.914111111111111,100,0.422337496400606,70,1.16666666666667,47.6304577141268,-122.398549408968,0.116728197933626
"14:24:42","10/6/2022","00:42:59",-5.66928,275,80,47.6304626,-122.3985443,10,54.95,43.0166666666667,0.924666666666667,100,0,71,1.18333333333333,47.6304574339253,-122.398550852751,0.112851314810366
"14:24:43","10/6/2022","00:43:00",-5.66928,275,80,47.6304626,-122.3985443,10,54.95,43.0333333333333,0.944555555555555,100,0,72,1.2,47.6304572059258,-122.398552119584,0.0984909888463236
"14:24:44","10/6/2022","00:43:01",-5.69976,275,80,47.6304626,-122.3985443,10,54.95,43.05,0.951888888888889,100,0,73,1.21666666666667,47.6304569659396,-122.398553494245,0.106664949786059
"14:24:45","10/6/2022","00:43:02",-5.69976,275,80,47.6304626,-122.3985443,10,54.95,43.0666666666667,0.935555555555556,100,0,74,1.23333333333333,47.6304566693746,-122.398554832657,0.105817283950146
"14:24:46","10/6/2022","00:43:03",-5.69976,275,80,47.6304664,-122.3985443,10,54.95,43.0833333333333,0.924,100,0.422337494539822,75,1.25,47.6304564828756,-122.398556164512,0.102184683405627
"14:24:47","10/6/2022","00:43:04",-5.66928,275,80,47.6304702,-122.3985443,10,54.95,43.1,0.926444444444445,100,0.422337497334609,76,1.26666666666667,47.6304563350413,-122.398557475335,0.0998414752392065
"14:24:48","10/6/2022","00:43:05",-5.66928,275,80,47.6304626,-122.3985595,10,54.95,43.1166666666667,0.933666666666667,100,1.42039936171108,77,1.28333333333333,47.6304562816235,-122.39855862137,0.0863044334855214
"14:24:49","10/6/2022","00:43:06",-5.66928,275,80,47.630455,-122.3985671,10,54.95,43.1333333333333,0.936555555555556,100,1.0195540977415,78,1.3,47.6304563140226,-122.398559930503,0.098419157281964
"14:24:50","10/6/2022","00:43:07",-5.69976,276,80,47.630455,-122.3985671,10,54.95,43.15,0.9339,100,0,79,1.31666666666667,47.6304563797642,-122.398561216523,0.0968926801519228
"14:24:51","10/6/2022","00:43:08",-5.69976,276,80,47.630455,-122.3985671,10,54.95,43.1666666666667,0.923444444444445,100,0,80,1.33333333333333,47.6304569047924,-122.398562202511,0.0942986321877703
"14:24:52","10/6/2022","00:43:09",-5.69976,276,80,47.630455,-122.3985671,10,54.95,43.1833333333333,0.917777777777778,100,0,81,1.35,47.6304573685916,-122.398563431621,0.105754622205406
"14:24:53","10/6/2022","00:43:10",-5.66928,276,80,47.6304588,-122.3985671,10,54.95,43.2,0.930666666666667,100,0.422337495435447,82,1.36666666666667,47.6304577270763,-122.398564929284,0.119363144262774
"14:24:54","10/6/2022","00:43:11",-5.66928,276,80,47.6304588,-122.3985671,10,54.95,43.2166666666667,0.942444444444444,100,0,83,1.38333333333333,47.6304579776793,-122.39856668404,0.134742336506423
"14:24:55","10/6/2022","00:43:12",-5.69976,276,80,47.6304626,-122.3985671,10,54.95,43.2333333333333,0.936222222222222,100,0.422337495438156,84,1.4,47.6304582665078,-122.398568252067,0.122098940822671
"14:24:56","10/6/2022","00:43:13",-5.73024,276,80,47.6304588,-122.3985671,10,54.95,43.25,0.924,100,0.422337495438156,85,1.41666666666667,47.6304585035956,-122.39856992079,0.128107989874304
"14:24:57","10/6/2022","00:43:14",-5.66928,276,80,47.6304626,-122.3985671,10,54.95,43.2666666666667,0.910333333333333,100,0.422337495438156,86,1.43333333333333,47.6304587723349,-122.39857149896,0.122269826604376
"14:24:58","10/6/2022","00:43:15",-5.66928,276,80,47.6304512,-122.3985824,10,54.95,43.2833333333333,0.914555555555556,100,1.71072929386307,87,1.45,47.6304591584147,-122.398572833499,0.109058177129467
"14:24:59","10/6/2022","00:43:16",-5.66928,276,80,47.6304512,-122.3985748,10,54.95,43.3,0.927222222222222,100,0.570977068352043,88,1.46666666666667,47.6304595787614,-122.398574241751,0.115655510788268
"14:25:00","10/6/2022","00:43:17",-5.69976,276,80,47.630455,-122.3985748,10,54.95,43.3166666666667,0.9245,100,0.422337492314736,89,1.48333333333333,47.6304599526148,-122.398575735886,0.119695489881651
"14:25:01","10/6/2022","00:43:18",-5.69976,276,80,47.630455,-122.3985824,10,54.95,43.3333333333333,0.903,100,0.570977027018624,90,1.5,47.6304601989097,-122.398577459353,0.132343394923567
"14:25:02","10/6/2022","00:43:19",-5.69976,276,80,47.630455,-122.3985824,10,54.95,43.35,0.890666666666667,100,0,91,1.51666666666667,47.630460407354,-122.398579122952,0.127112769948388
"14:25:03","10/6/2022","00:43:20",-5.6388,274,80,47.630455,-122.3985824,10,54.95,43.3666666666667,0.909,100,0,92,1.53333333333333,47.6304605158599,-122.398580741908,0.122226160325736
"14:25:04","10/6/2022","00:43:21",-5.6388,275,80,47.6304588,-122.3985824,10,54.95,43.3833333333333,0.940444444444444,100,0.422337493858628,93,1.55,47.6304605889049,-122.398582584813,0.138692599266172
"14:25:05","10/6/2022","00:43:22",-5.69976,274,80,47.6304588,-122.3985824,10,54.95,43.4,0.951111111111111,100,0,94,1.56666666666667,47.6304605835532,-122.398584489355,0.143086705759689
"14:25:06","10/6/2022","00:43:23",-5.73024,274,80,47.6304588,-122.39859,10,54.95,43.4166666666667,0.929111111111111,100,0.570976985142662,95,1.58333333333333,47.6304606057647,-122.398586469416,0.148779632735158
"14:25:07","10/6/2022","00:43:24",-5.69976,273,80,47.6304588,-122.3985824,10,54.95,43.4333333333333,0.901666666666667,100,0.570976985142662,96,1.6,47.6304607172882,-122.398588363212,0.142817011420524
"14:25:08","10/6/2022","00:43:25",-5.66928,273,80,47.6304588,-122.3985977,10,54.95,43.45,0.8894,100,1.14946682688336,97,1.61666666666667,47.6304608310128,-122.398590137359,0.133887047134213
"14:25:09","10/6/2022","00:43:26",-5.6388,273,80,47.6304588,-122.3985977,10,54.95,43.4666666666667,0.903666666666667,100,0,98,1.63333333333333,47.6304610335578,-122.398591925447,0.136209506130734
"14:25:10","10/6/2022","00:43:27",-5.69976,273,80,47.6304588,-122.3985977,10,54.95,43.4833333333333,0.902888888888889,100,0,99,1.65,47.6304612626994,-122.398593731797,0.13807732809654
"14:25:11","10/6/2022","00:43:28",-5.73024,273,80,47.6304588,-122.3985977,10,54.95,43.5,0.886777777777778,100,0,100,1.66666666666667,47.6304616299212,-122.398595429849,0.133941807725618
"14:25:12","10/6/2022","00:43:29",-5.69976,274,80,47.6304588,-122.3986053,10,54.95,43.5166666666667,0.872444444444444,100,0.570976984508794,101,1.68333333333333,47.6304619448161,-122.398597326279,0.146711568311257
"14:25:13","10/6/2022","00:43:30",-5.66928,273,80,47.630455,-122.3986053,10,54.95,43.5333333333333,0.883444444444444,100,0.422337492891725,102,1.7,47.6304622148204,-122.398599250427,0.147640292122877
"14:25:14","10/6/2022","00:43:31",-5.6388,273,80,47.630455,-122.3986053,10,54.95,43.55,0.908777777777778,100,0,103,1.71666666666667,47.630462360217,-122.398601208032,0.147957131240528
"14:25:15","10/6/2022","00:43:32",-5.66928,273,80,47.630455,-122.3986053,10,54.95,43.5666666666667,0.924222222222222,100,0,104,1.73333333333333,47.6304625367336,-122.398603031647,0.13840301832548
"14:25:16","10/6/2022","00:43:33",-5.69976,274,80,47.6304626,-122.3986053,10,54.95,43.5833333333333,0.916777777777778,100,0.844674986715648,105,1.75,47.6304627729895,-122.398604852189,0.139272365471633
"14:25:17","10/6/2022","00:43:34",-5.69976,274,80,47.6304626,-122.3986053,10,54.95,43.6,0.890222222222222,100,0,106,1.76666666666667,47.6304630131313,-122.398606800995,0.148823693560122
"14:25:18","10/6/2022","00:43:35",-5.66928,273,80,47.6304626,-122.3986053,10,54.95,43.6166666666667,0.8851,100,0,107,1.78333333333333,47.6304631790199,-122.398608711868,0.144740212411369
"14:25:19","10/6/2022","00:43:36",-5.66928,273,80,47.6304588,-122.3986129,10,54.95,43.6333333333333,0.901777777777778,100,0.710199728005918,108,1.8,47.6304633413144,-122.398610592639,0.142446204184692
"14:25:20","10/6/2022","00:43:37",-5.66928,273,80,47.6304588,-122.3986129,10,54.95,43.65,0.901777777777778,100,0,109,1.81666666666667,47.630463505806,-122.398612451551,0.140848907126905
"14:25:21","10/6/2022","00:43:38",-5.69976,274,80,47.6304779,-122.3985977,10,54.95,43.6666666666667,0.892666666666667,100,2.41046574186689,110,1.83333333333333,47.6304636781021,-122.398614121374,0.12690440813807
"14:25:22","10/6/2022","00:43:39",-5.6388,274,80,47.6304855,-122.3985977,10,54.95,43.6833333333333,0.894111111111111,100,0.844674992032965,111,1.85,47.6304637972739,-122.398615866488,0.131775257504103
"14:25:23","10/6/2022","00:43:40",-5.60832,274,80,47.6304893,-122.3985977,10,54.95,43.7,0.902888888888889,100,0.422337495087445,112,1.86666666666667,47.6304639551799,-122.398617522621,0.125654412382881
"14:25:24","10/6/2022","00:43:41",-5.60832,269,80,47.6304855,-122.3986053,10,54.99,43.7166666666667,0.924222222222222,100,0.710199493774174,113,1.88333333333333,47.6304641545443,-122.398619099428,0.120517602191621
"14:25:25","10/6/2022","00:43:42",-5.6388,270,80,47.6304817,-122.3986129,10,54.95,43.7333333333333,0.937666666666667,100,0.710199528779116,114,1.9,47.6304643776252,-122.398620737928,0.12557019156102
"14:25:26","10/6/2022","00:43:43",-5.6388,270,80,47.630474,-122.3986206,10,54.95,43.75,0.933888888888889,100,1.03296916285115,115,1.91666666666667,47.6304646895032,-122.398622277602,0.120755284125508
"14:25:27","10/6/2022","00:43:44",-5.6388,268,80,47.6304779,-122.3986206,10,54.95,43.7666666666667,0.934555555555556,100,0.433451640511034,116,1.93333333333333,47.630464943767,-122.398623734152,0.113018508543476
"14:25:28","10/6/2022","00:43:45",-5.60832,269,80,47.6304664,-122.3986282,10,54.95,43.7833333333333,0.939444444444444,100,1.39986507403384,117,1.95,47.6304652074779,-122.398625123619,0.108425171173538
"14:25:29","10/6/2022","00:43:46",-5.60832,267,80,47.6304664,-122.3986282,10,54.95,43.8,0.9482,100,0,118,1.96666666666667,47.6304653959858,-122.398626462474,0.10274501915726
"14:25:30","10/6/2022","00:43:47",-5.60832,268,80,47.6304664,-122.3986282,10,54.95,43.8166666666667,0.956555555555555,100,0,119,1.98333333333333,47.6304655733417,-122.398627767716,0.100022434185213
"14:25:31","10/6/2022","00:43:48",-5.6388,267,80,47.6304626,-122.3986358,10,54.99,43.8333333333333,0.948888888888889,100,0.710199691199499,120,2,47.6304657386259,-122.398629056965,0.0985859435117572
"14:25:32","10/6/2022","00:43:49",-5.6388,268,80,47.630455,-122.3986358,10,54.95,43.85,0.930888888888889,100,0.844674986000847,121,2.01666666666667,47.6304657595905,-122.398630607227,0.116492231246077
"14:25:33","10/6/2022","00:43:50",-5.57784,267,80,47.630455,-122.3986358,10,54.95,43.8666666666667,0.930333333333333,100,0,122,2.03333333333333,47.6304658056597,-122.398632100258,0.112286062566932
"14:25:34","10/6/2022","00:43:51",-5.51688,267,80,47.6304512,-122.3986434,10,54.95,43.8833333333333,0.942777777777778,100,0.710199789944172,123,2.05,47.63046578342,-122.398633565597,0.110116559411239
"14:25:35","10/6/2022","00:43:52",-5.4864,267,80,47.630455,-122.3986358,10,54.95,43.9,0.965777777777778,100,0.710199789944172,124,2.06666666666667,47.6304656614913,-122.398635033279,0.111094381184642
"14:25:36","10/6/2022","00:43:53",-5.45592,267,80,47.6304512,-122.3986434,10,54.95,43.9166666666667,1.00855555555556,100,0.710199789944172,125,2.08333333333333,47.630465666276,-122.398636186544,0.086644764072634
"14:25:37","10/6/2022","00:43:54",-5.4864,267,80,47.6304473,-122.3986511,10,54.95,43.9333333333333,1.04655555555556,100,0.722863014286419,126,2.1,47.6304658351764,-122.398637131178,0.0734096635450286
"14:25:38","10/6/2022","00:43:55",-5.4864,267,80,47.6304626,-122.3986358,10,54.95,43.95,1.05766666666667,100,2.05252341483448,127,2.11666666666667,47.6304660371698,-122.398638012337,0.0699032119565067
"14:25:39","10/6/2022","00:43:56",-5.51688,261,80,47.6304664,-122.3986358,10,54.95,43.9666666666667,1.0597,100,0.422337492538387,128,2.13333333333333,47.6304662708517,-122.39863884594,0.0677990797480587
"14:25:40","10/6/2022","00:43:57",-5.4864,262,80,47.6304664,-122.3986434,10,54.95,43.9833333333333,1.06088888888889,100,0.570976899798957,129,2.15,47.6304665351124,-122.398639648092,0.0670405253941807
"14:25:41","10/6/2022","00:43:58",-5.4864,262,80,47.6304626,-122.3986511,10,54.95,44,1.05355555555556,100,0.716253711229417,130,2.16666666666667,47.6304667422993,-122.398640435178,0.0634579184630902
"14:25:42","10/6/2022","00:43:59",-5.4864,261,80,47.6304664,-122.3986434,10,54.95,44.0166666666667,1.02911111111111,100,0.716253711229417,131,2.18333333333333,47.6304669539602,-122.398641223946,0.063757522307704
"14:25:43","10/6/2022","00:44:00",-5.4864,256,80,47.6304664,-122.3986511,10,54.95,44.0333333333333,1.03022222222222,100,0.578489755298777,132,2.2,47.6304670803199,-122.398642031603,0.0622820758337854
"14:25:44","10/6/2022","00:44:01",-5.4864,257,80,47.6304664,-122.3986511,10,54.95,44.05,1.03822222222222,100,0,133,2.21666666666667,47.6304672675363,-122.3986428759,0.0667564244630565
"14:25:45","10/6/2022","00:44:02",-5.4864,255,80,47.6304702,-122.3986434,10,54.95,44.0666666666667,1.04155555555556,100,0.716253676369975,134,2.23333333333333,47.6304673614426,-122.398643775225,0.0683663145496105
"14:25:46","10/6/2022","00:44:03",-5.51688,256,80,47.630474,-122.3986434,10,54.95,44.0833333333333,1.04733333333333,100,0.422337493151016,135,2.25,47.6304676821832,-122.39864439901,0.0588811653580224
"14:25:47","10/6/2022","00:44:04",-5.51688,255,80,47.630474,-122.3986434,10,54.95,44.1,1.04311111111111,100,0,136,2.26666666666667,47.6304680386739,-122.398645190652,0.0714638211568397
"14:25:48","10/6/2022","00:44:05",-5.51688,248,80,47.630474,-122.3986511,10,54.95,44.1166666666667,1.03888888888889,100,0.578489671373075,137,2.28333333333333,47.6304683474829,-122.398646035769,0.072175115355001
"14:25:49","10/6/2022","00:44:06",-5.4864,249,80,47.6304702,-122.3986434,10,54.95,44.1333333333333,1.0398,100,0.716253643855352,138,2.3,47.6304686745763,-122.398646776325,0.0664608819638057
"14:25:50","10/6/2022","00:44:07",-5.4864,251,80,47.6304702,-122.3986434,10,54.95,44.15,1.04666666666667,100,0,139,2.31666666666667,47.6304690216446,-122.398647552843,0.0699380773258169
"14:25:51","10/6/2022","00:44:08",-5.4864,251,80,47.6304702,-122.3986511,10,54.95,44.1666666666667,1.05866666666667,100,0.578489713281331,140,2.33333333333333,47.6304691967804,-122.398648896161,0.102781426135477
"14:25:52","10/6/2022","00:44:09",-5.54736,251,80,47.6304626,-122.3986511,10,54.95,44.1833333333333,1.06233333333333,100,0.844674984715361,141,2.35,47.6304693040227,-122.398650141747,0.0943351092755499
"14:25:53","10/6/2022","00:44:10",-5.57784,251,80,47.6304626,-122.3986511,10,54.95,44.2,1.04177777777778,100,0,142,2.36666666666667,47.6304694855793,-122.398651321871,0.090928158505553
"14:25:54","10/6/2022","00:44:11",-5.57784,255,80,47.6304664,-122.3986511,10,54.95,44.2166666666667,1.01055555555556,100,0.422337493754622,143,2.38333333333333,47.6304697329541,-122.398652294922,0.0781030379139904
"14:25:55","10/6/2022","00:44:12",-5.57784,257,80,47.6304664,-122.3986511,10,54.95,44.2333333333333,0.991444444444444,100,0,144,2.4,47.6304700384609,-122.398653390681,0.0890502423459288
"14:25:56","10/6/2022","00:44:13",-5.54736,257,80,47.6304664,-122.3986511,10,54.99,44.25,0.987,100,0,145,2.41666666666667,47.6304703952202,-122.398654161899,0.0702088018078922
"14:25:57","10/6/2022","00:44:14",-5.57784,259,80,47.6304664,-122.3986511,10,54.95,44.2666666666667,0.989,100,0,146,2.43333333333333,47.6304707971564,-122.398654890231,0.0706376983896201
"14:25:58","10/6/2022","00:44:15",-5.57784,263,80,47.6304779,-122.3986434,10,54.95,44.2833333333333,0.987888888888889,100,1.40294618081317,147,2.45,47.6304714329972,-122.398655467304,0.0829073305543606
"14:25:59","10/6/2022","00:44:16",-5.60832,266,80,47.6304779,-122.3986511,10,54.95,44.3,0.970777777777778,100,0.578489628417113,148,2.46666666666667,47.6304720452208,-122.398656082538,0.0822578278668514
"14:26:00","10/6/2022","00:44:17",-5.60832,268,80,47.6304779,-122.3986511,10,54.95,44.3166666666667,0.9592,100,0,149,2.48333333333333,47.6304726372577,-122.398656578077,0.0756017305610911
"14:26:01","10/6/2022","00:44:18",-5.57784,269,80,47.6304779,-122.3986511,10,54.99,44.3333333333333,0.964333333333333,100,0,150,2.5,47.6304732997989,-122.398657094025,0.0832151112100176
"14:26:02","10/6/2022","00:44:19",-5.54736,269,80,47.6304779,-122.3986511,10,54.95,44.35,0.975333333333333,100,0,151,2.51666666666667,47.6304739750696,-122.398657641165,0.0855702981650106
"14:26:03","10/6/2022","00:44:20",-5.57784,269,80,47.6304779,-122.3986511,10,54.95,44.3666666666667,0.979777777777778,100,0,152,2.53333333333333,47.6304746705207,-122.398658230368,0.0890716346711321
"14:26:04","10/6/2022","00:44:21",-5.60832,269,80,47.6304779,-122.3986587,10,54.95,44.3833333333333,0.966444444444444,100,0.57097677388438,153,2.55,47.6304752204726,-122.398658872676,0.0778752841951141
"14:26:05","10/6/2022","00:44:22",-5.60832,269,80,47.6304779,-122.3986587,10,54.95,44.4,0.947888888888889,100,0,154,2.56666666666667,47.6304757575877,-122.398659579374,0.0798903321177827
"14:26:06","10/6/2022","00:44:23",-5.57784,269,80,47.6304779,-122.3986587,10,54.95,44.4166666666667,0.938444444444444,100,0,155,2.58333333333333,47.6304762855065,-122.398660362073,0.0830685911760191
"14:26:07","10/6/2022","00:44:24",-5.54736,269,80,47.6304779,-122.3986587,10,54.95,44.4333333333333,0.948777777777778,100,0,156,2.6,47.630476895034,-122.398661059089,0.085623597936613
"14:26:08","10/6/2022","00:44:25",-5.54736,269,80,47.6304779,-122.3986587,10,54.95,44.45,0.976,100,0,157,2.61666666666667,47.6304775284101,-122.39866180699,0.0900695718719782
"14:26:09","10/6/2022","00:44:26",-5.57784,269,80,47.630474,-122.3986663,10,54.95,44.4666666666667,0.9912,100,0.716864578720329,158,2.63333333333333,47.63047775647,-122.398662960689,0.0903058321439426
"14:26:10","10/6/2022","00:44:27",-5.60832,269,80,47.630474,-122.3986663,10,54.95,44.4833333333333,0.969333333333333,100,0,159,2.65,47.6304777251484,-122.39866427993,0.099173760211
"14:26:11","10/6/2022","00:44:28",-5.60832,269,80,47.630474,-122.3986663,10,54.95,44.5,0.930111111111111,100,0,160,2.66666666666667,47.6304774660478,-122.398665784103,0.116617647207173
"14:26:12","10/6/2022","00:44:29",-5.57784,269,80,47.6304779,-122.398674,10,54.95,44.5166666666667,0.919111111111111,100,0.722862775745775,161,2.68333333333333,47.6304771166759,-122.39866731996,0.121744919678634
"14:26:13","10/6/2022","00:44:30",-5.54736,269,80,47.6304779,-122.398674,10,54.95,44.5333333333333,0.944444444444444,100,0,162,2.7,47.6304766871975,-122.398668859467,0.125123449224238
"14:26:14","10/6/2022","00:44:31",-5.54736,269,80,47.6304779,-122.398674,10,54.95,44.55,0.970888888888889,100,0,163,2.71666666666667,47.6304762790217,-122.398670368,0.122076030203084
"14:26:15","10/6/2022","00:44:32",-5.57784,269,80,47.6304779,-122.398674,10,54.95,44.5666666666667,0.969333333333333,100,0,164,2.73333333333333,47.6304756670045,-122.398671984046,0.139167043100357
"14:26:16","10/6/2022","00:44:34",-5.57784,269,80,47.6304779,-122.398674,10,54.95,44.5833333333333,0.955888888888889,100,0,165,2.75,47.6304751725328,-122.398673541928,0.129301447422082
"14:26:17","10/6/2022","00:44:34",-5.57784,269,80,47.6304779,-122.398674,10,54.95,44.6,0.953888888888889,100,0,166,2.76666666666667,47.6304745997739,-122.398675174362,0.138178859782532
"14:26:18","10/6/2022","00:44:35",-5.54736,269,80,47.6304779,-122.398674,10,54.95,44.6166666666667,0.969666666666667,100,0,167,2.78333333333333,47.6304739487171,-122.398676885161,0.147498446427466
"14:26:19","10/6/2022","00:44:36",-5.54736,269,80,47.6304702,-122.3986892,10,54.95,44.6333333333333,0.980444444444444,100,1.42703648385108,168,2.8,47.6304732416512,-122.398679155004,0.187765776083152
"14:26:20","10/6/2022","00:44:37",-5.54736,269,80,47.6304702,-122.3986892,10,54.95,44.65,0.9867,100,0,169,2.81666666666667,47.6304726101464,-122.398681264889,0.173356144482958
"14:26:21","10/6/2022","00:44:38",-5.57784,269,80,47.6304702,-122.3986892,10,54.95,44.6666666666667,0.984666666666667,100,0,170,2.83333333333333,47.6304720152242,-122.398683238572,0.162354045232717
"14:26:22","10/6/2022","00:44:39",-5.57784,269,80,47.6304702,-122.3986892,10,54.95,44.6833333333333,0.962333333333333,100,0,171,2.85,47.6304715480245,-122.398684925232,0.136942511585844
"14:26:23","10/6/2022","00:44:40",-5.57784,270,80,47.6304702,-122.3986892,10,54.95,44.7,0.935777777777778,100,0,172,2.86666666666667,47.6304710647424,-122.39868664472,0.139904283641102
"14:26:24","10/6/2022","00:44:41",-5.57784,272,80,47.6304702,-122.3986892,10,54.95,44.7166666666667,0.930444444444445,100,0,173,2.88333333333333,47.6304707228968,-122.398688115108,0.116819004336599
"14:26:25","10/6/2022","00:44:42",-5.54736,271,80,47.6304702,-122.3986892,10,54.95,44.7333333333333,0.948222222222222,100,0,174,2.9,47.6304705563857,-122.398689304953,0.0912868285608968
"14:26:26","10/6/2022","00:44:43",-5.54736,271,80,47.6304702,-122.3986892,10,54.95,44.75,0.963,100,0,175,2.91666666666667,47.6304701622261,-122.398690704024,0.113873813490635
"14:26:27","10/6/2022","00:44:44",-5.57784,271,80,47.6304702,-122.3986892,10,54.95,44.7666666666667,0.969777777777778,100,0,176,2.93333333333333,47.6304697174848,-122.398692199925,0.122774545356783
"14:26:28","10/6/2022","00:44:45",-5.57784,271,80,47.6304702,-122.3986892,10,54.95,44.7833333333333,0.969111111111111,100,0,177,2.95,47.6304690279115,-122.398693597837,0.130013707856069
"14:26:29","10/6/2022","00:44:46",-5.57784,271,80,47.6304702,-122.3986892,10,54.95,44.8,0.9738,100,0,178,2.96666666666667,47.6304685864927,-122.39869469982,0.0962347634826756
"14:26:30","10/6/2022","00:44:47",-5.57784,271,80,47.6304702,-122.3986892,10,54.95,44.8166666666667,0.976555555555556,100,0,179,2.98333333333333,47.6304682190763,-122.398695828954,0.0941470493009841
"14:26:31","10/6/2022","00:44:48",-5.57784,271,80,47.6304702,-122.3986892,10,54.95,44.8333333333333,0.960111111111111,100,0,180,3,47.6304678998808,-122.398696698415,0.0743331076079186
"14:26:32","10/6/2022","00:44:49",-5.54736,268,80,47.6304702,-122.3986892,10,54.95,44.85,0.955666666666667,100,0,181,3.01666666666667,47.6304676282207,-122.398697453263,0.0642471376966454
"14:26:33","10/6/2022","00:44:50",-5.57784,266,80,47.6304702,-122.3986892,10,54.95,44.8666666666667,0.958333333333333,100,0,182,3.03333333333333,47.6304672508107,-122.398698411816,0.0833401163689025
"14:26:34","10/6/2022","00:44:51",-5.57784,266,80,47.6304702,-122.3986892,10,54.95,44.8833333333333,0.962333333333333,100,0,183,3.05,47.6304669609807,-122.398699162401,0.0649422705573819
"14:26:35","10/6/2022","00:44:52",-5.57784,262,80,47.6304702,-122.3986892,10,54.95,44.9,0.959444444444444,100,0,184,3.06666666666667,47.6304666457828,-122.398699895272,0.0652591758584726
"14:26:36","10/6/2022","00:44:53",-5.57784,262,80,47.6304702,-122.3986892,10,54.95,44.9166666666667,0.954666666666667,100,0,185,3.08333333333333,47.6304663684299,-122.398700450515,0.0518682157441087
"14:26:37","10/6/2022","00:44:54",-5.54736,261,79,47.6304702,-122.3986892,10,54.95,44.9333333333333,0.948666666666667,100,0,186,3.1,47.6304661301322,-122.398701145489,0.0585454523287839
"14:26:38","10/6/2022","00:44:55",-5.54736,262,79,47.6304588,-122.3987197,10,54.95,44.95,0.947666666666667,100,2.61838282900631,187,3.11666666666667,47.6304658700857,-122.398701864249,0.0612475453769011
"14:26:39","10/6/2022","00:44:56",-5.54736,259,79,47.630455,-122.3987197,10,54.95,44.9666666666667,0.967,100,0.422337488991767,188,3.13333333333333,47.6304655922986,-122.398702445686,0.0534914963674659
"14:26:40","10/6/2022","00:44:57",-5.57784,256,79,47.630455,-122.3987197,10,54.95,44.9833333333333,0.97,100,0,189,3.15,47.63046553928,-122.398703159572,0.0539559920661086
"14:26:41","10/6/2022","00:44:58",-5.60832,256,79,47.630455,-122.3987197,10,54.95,45,0.9421,100,0,190,3.16666666666667,47.6304654422171,-122.398703846299,0.0527085181879596
"14:26:42","10/6/2022","00:44:59",-5.60832,255,79,47.630455,-122.3987197,10,54.95,45.0166666666667,0.919555555555556,100,0,191,3.18333333333333,47.6304653109083,-122.398704519459,0.0526371195731319
"14:26:43","10/6/2022","00:45:00",-5.57784,254,79,47.630455,-122.3987197,10,54.95,45.0333333333333,0.913,100,0,192,3.2,47.6304652175772,-122.398705192245,0.0515987845824889
"14:26:44","10/6/2022","00:45:01",-5.60832,254,79,47.630455,-122.3987197,10,54.95,45.05,0.912333333333333,100,0,193,3.21666666666667,47.6304651700323,-122.398705877532,0.0517551356298121
"14:26:45","10/6/2022","00:45:02",-5.60832,256,79,47.6304664,-122.3987121,10,54.95,45.0666666666667,0.913333333333333,100,1.38972489644046,194,3.23333333333333,47.6304651763287,-122.398706587976,0.0533791806626263
"14:26:46","10/6/2022","00:45:03",-5.6388,255,79,47.6304664,-122.3987121,10,54.95,45.0833333333333,0.901222222222222,100,0,195,3.25,47.6304648525969,-122.398707643114,0.0870542834997492
"14:26:47","10/6/2022","00:45:04",-5.6388,259,79,47.6304664,-122.3987121,10,54.95,45.1,0.889111111111111,100,0,196,3.26666666666667,47.6304645638026,-122.398708582819,0.0775524817721638
"14:26:48","10/6/2022","00:45:05",-5.6388,260,79,47.6304664,-122.3987121,10,54.95,45.1166666666667,0.891555555555556,100,0,197,3.28333333333333,47.6304643055905,-122.398709555723,0.0785248393451781
"14:26:49","10/6/2022","00:45:06",-5.60832,260,79,47.6304664,-122.3987121,10,54.95,45.1333333333333,0.9056,100,0,198,3.3,47.6304642030003,-122.39871044827,0.0680182451333795
"14:26:50","10/6/2022","00:45:07",-5.6388,265,79,47.6304664,-122.3987121,10,54.95,45.15,0.917555555555556,100,0,199,3.31666666666667,47.6304640830803,-122.398711448834,0.0763433366508095
"14:26:51","10/6/2022","00:45:08",-5.6388,264,79,47.6304664,-122.3987121,10,54.95,45.1666666666667,0.900666666666667,100,0,200,3.33333333333333,47.6304639463378,-122.398712570143,0.0856022059108451
"14:26:52","10/6/2022","00:45:09",-5.6388,263,79,47.6304664,-122.3987121,10,54.95,45.1833333333333,0.869777777777778,100,0,201,3.35,47.6304637930273,-122.398713651653,0.083019671305697
"14:26:53","10/6/2022","00:45:10",-5.6388,265,79,47.6304664,-122.3987121,10,54.95,45.2,0.862111111111111,100,0,202,3.36666666666667,47.6304636231369,-122.398714831103,0.0905997842108669
"14:26:54","10/6/2022","00:45:11",-5.6388,264,79,47.6304664,-122.3987121,10,54.95,45.2166666666667,0.866111111111111,100,0,203,3.38333333333333,47.6304634363742,-122.398716117232,0.0988293352796573
"14:26:55","10/6/2022","00:45:12",-5.6388,266,79,47.6304664,-122.3987121,10,54.95,45.2333333333333,0.872444444444444,100,0,204,3.4,47.6304632321521,-122.398717519195,0.107745332137473
"14:26:56","10/6/2022","00:45:13",-5.60832,264,79,47.6304664,-122.3987121,10,54.95,45.25,0.884444444444444,100,0,205,3.41666666666667,47.6304630095748,-122.398719046653,0.117391721560614
"14:26:57","10/6/2022","00:45:14",-5.60832,264,79,47.6304664,-122.3987121,10,54.95,45.2666666666667,0.889,100,0,206,3.43333333333333,47.6304628565581,-122.398720536154,0.11318892193668
"14:26:58","10/6/2022","00:45:15",-5.6388,264,79,47.6304664,-122.3987121,10,54.95,45.2833333333333,0.887,100,0,207,3.45,47.6304627078797,-122.398722122683,0.120333593573719
"14:26:59","10/6/2022","00:45:16",-5.6388,263,79,47.6304664,-122.3987121,10,54.95,45.3,0.8804,100,0,208,3.46666666666667,47.6304625644747,-122.398723812376,0.127940753469714
"14:27:00","10/6/2022","00:45:17",-5.60832,262,79,47.6304664,-122.3987121,10,54.95,45.3166666666667,0.867666666666667,100,0,209,3.48333333333333,47.6304623379209,-122.398725435945,0.124548189801211
"14:27:01","10/6/2022","00:45:18",-5.54736,262,79,47.6304664,-122.3987121,10,54.95,45.3333333333333,0.869222222222222,100,0,210,3.5,47.6304620923633,-122.398727126431,0.129902988789497
"14:27:02","10/6/2022","00:45:19",-5.51688,261,79,47.6304664,-122.3987121,10,54.95,45.35,0.888,100,0,211,3.51666666666667,47.630461825194,-122.398728886282,0.135508370536677
"14:27:03","10/6/2022","00:45:20",-5.51688,257,79,47.6304664,-122.3987121,10,54.95,45.3666666666667,0.915666666666667,100,0,212,3.53333333333333,47.6304615334065,-122.398730718462,0.14141764044251
"14:27:04","10/6/2022","00:45:21",-5.4864,261,79,47.6304664,-122.3987121,10,54.95,45.3833333333333,0.962666666666667,100,0,213,3.55,47.6304612135822,-122.398732626529,0.147691554863564
"14:27:05","10/6/2022","00:45:22",-5.4864,258,79,47.6304664,-122.3987121,10,54.95,45.4,1.00322222222222,100,0,214,3.56666666666667,47.6304608618762,-122.3987346147,0.154398448268341
"14:27:06","10/6/2022","00:45:23",-5.51688,261,79,47.6304626,-122.3987503,10,54.95,45.4166666666667,1.00944444444444,100,2.90081954898342,215,3.58333333333333,47.6304604740034,-122.39873668793,0.161614264029312
"14:27:07","10/6/2022","00:45:24",-5.51688,260,79,47.6304588,-122.3987503,10,54.95,45.4333333333333,0.998888888888889,100,0.422337488632355,216,3.6,47.630460221207,-122.39873850459,0.139344880104111
"14:27:08","10/6/2022","00:45:25",-5.4864,263,79,47.6304588,-122.3987503,10,54.95,45.45,0.997,100,0,217,3.61666666666667,47.6304599725771,-122.398740319461,0.139120627009893
"14:27:09","10/6/2022","00:45:26",-5.4864,262,79,47.6304588,-122.3987503,10,54.95,45.4666666666667,0.999111111111111,100,0,218,3.63333333333333,47.6304597280321,-122.398742129073,0.138643636190844
"14:27:10","10/6/2022","00:45:27",-5.51688,262,79,47.6304588,-122.3987503,10,54.95,45.4833333333333,0.988111111111111,100,0,219,3.65,47.6304594872738,-122.398743930427,0.137953063725392
"14:27:11","10/6/2022","00:45:28",-5.51688,262,79,47.6304588,-122.3987503,10,54.95,45.5,0.985,100,0,220,3.66666666666667,47.6304592497794,-122.398745721061,0.13709278291909
"14:27:12","10/6/2022","00:45:29",-5.51688,264,79,47.6304588,-122.3987503,10,54.95,45.5166666666667,0.998777777777778,100,0,221,3.68333333333333,47.6304590147925,-122.398747499111,0.136111427612866
"14:27:13","10/6/2022","00:45:30",-5.4864,265,79,47.6304588,-122.3987503,10,54.95,45.5333333333333,1.00833333333333,100,0,222,3.7,47.6304587813152,-122.398749263372,0.135062542106463
"14:27:14","10/6/2022","00:45:31",-5.4864,266,79,47.6304588,-122.3987579,10,54.95,45.55,1.01966666666667,100,0.570976977305891,223,3.71666666666667,47.6304585480998,-122.39875101336,0.13400474004201
"14:27:15","10/6/2022","00:45:32",-5.51688,266,79,47.6304435,-122.3987655,10,54.95,45.5666666666667,1.02277777777778,100,1.79376501814629,224,3.73333333333333,47.6304583136401,-122.398752749373,0.133001874212019
"14:27:16","10/6/2022","00:45:33",-5.54736,266,79,47.6304473,-122.3987655,10,54.95,45.5833333333333,1.01,100,0.422337487984319,225,3.75,47.6304582054976,-122.398754862261,0.159192548866346
"14:27:17","10/6/2022","00:45:34",-5.51688,266,79,47.6304512,-122.3987655,10,54.95,45.6,0.9877,100,0.433451632356941,226,3.76666666666667,47.630458052927,-122.398756845759,0.149979019930401
"14:27:18","10/6/2022","00:45:35",-5.4864,266,79,47.6304512,-122.3987655,10,54.95,45.6166666666667,0.983555555555556,100,0,227,3.78333333333333,47.6304578583374,-122.398758717168,0.142249854061384
"14:27:19","10/6/2022","00:45:36",-5.45592,265,79,47.6304512,-122.3987655,10,54.95,45.6333333333333,1.00455555555556,100,0,228,3.8,47.6304576235918,-122.39876049405,0.136020177347645
"14:27:20","10/6/2022","00:45:37",-5.51688,265,79,47.6304473,-122.3987731,10,54.95,45.65,1.02211111111111,100,0.716864803560996,229,3.81666666666667,47.6304573500049,-122.398762194311,0.131307345134275
"14:27:21","10/6/2022","00:45:38",-5.54736,265,79,47.630455,-122.3987655,10,54.95,45.6666666666667,1.01744444444444,100,1.02878074472277,230,3.83333333333333,47.6304572987106,-122.398763836278,0.123490256786709
"14:27:22","10/6/2022","00:45:39",-5.60832,265,79,47.630455,-122.3987655,10,54.95,45.6833333333333,0.984555555555556,100,0,231,3.85,47.6304571303037,-122.398765438776,0.121839570435749
"14:27:23","10/6/2022","00:45:40",-5.60832,265,79,47.6304588,-122.3987655,10,54.95,45.7,0.945666666666667,100,0.422337487987929,232,3.86666666666667,47.6304569186469,-122.398767021207,0.12119076387894
"14:27:24","10/6/2022","00:45:41",-5.57784,265,79,47.6304588,-122.3987655,10,54.95,45.7166666666667,0.931333333333333,100,0,233,3.88333333333333,47.6304565228486,-122.398768864002,0.145267071303033
"14:27:25","10/6/2022","00:45:42",-5.57784,265,79,47.6304588,-122.3987655,10,54.95,45.7333333333333,0.929555555555556,100,0,234,3.9,47.6304560366892,-122.39877064834,0.144534301492129
"14:27:26","10/6/2022","00:45:43",-5.57784,265,79,47.6304588,-122.3987655,10,54.95,45.75,0.9181,100,0,235,3.91666666666667,47.6304557265955,-122.398771708294,0.0867708255408468
"14:27:27","10/6/2022","00:45:44",-5.60832,262,79,47.6304626,-122.3987731,10,54.95,45.7666666666667,0.909888888888889,100,0.710199718562771,236,3.93333333333333,47.6304554981496,-122.398772573306,0.0697707690903996
"14:27:28","10/6/2022","00:45:45",-5.57784,262,79,47.6304588,-122.3987731,10,54.95,45.7833333333333,0.912333333333333,100,0.42233748860153,237,3.95,47.6304553014239,-122.398773253157,0.0555592875892037
"14:27:29","10/6/2022","00:45:46",-5.54736,262,79,47.6304588,-122.3987731,10,54.95,45.8,0.915,100,0,238,3.96666666666667,47.6304550196455,-122.398774015751,0.0652932738884041
"14:27:30","10/6/2022","00:45:47",-5.51688,262,79,47.6304588,-122.3987731,10,54.95,45.8166666666667,0.920111111111111,100,0,239,3.98333333333333,47.630454837538,-122.398774532445,0.0437780310828766
"14:27:31","10/6/2022","00:45:48",-5.4864,261,79,47.6304588,-122.3987731,10,54.95,45.8333333333333,0.938666666666667,100,0,240,4,47.6304547636685,-122.398774821055,0.0231851580884686
"14:27:32","10/6/2022","00:45:49",-5.4864,261,79,47.6304588,-122.3987731,10,54.95,45.85,0.969444444444444,100,0,241,4.01666666666667,47.6304548064438,-122.398774898545,0.00751622266994727
"14:27:33","10/6/2022","00:45:50",-5.4864,262,79,47.6304512,-122.3987808,10,54.95,45.8666666666667,0.987888888888889,100,1.02378041712921,242,4.03333333333333,47.6304547135788,-122.398774954796,0.0111528286759162
"14:27:34","10/6/2022","00:45:51",-5.4864,261,79,47.6304512,-122.3987808,10,54.95,45.8833333333333,0.991444444444444,100,0,243,4.05,47.6304546793063,-122.398774881225,0.00671268559026076
"14:27:35","10/6/2022","00:45:52",-5.45592,261,79,47.6304512,-122.3987808,10,54.95,45.9,1.00233333333333,100,0,244,4.06666666666667,47.6304547033328,-122.398774698234,0.0140047871362624
"14:27:36","10/6/2022","00:45:53",-5.42544,261,79,47.6304588,-122.3987731,10,54.95,45.9166666666667,1.0101,100,1.02378041712921,245,4.08333333333333,47.6304547848461,-122.398774425959,0.0223719938794786
"14:27:37","10/6/2022","00:45:54",-5.45592,264,79,47.6304588,-122.3987731,10,54.95,45.9333333333333,1.015,100,0,246,4.1,47.6304549225212,-122.398774084356,0.0298794569318555
"14:27:38","10/6/2022","00:45:55",-5.51688,263,79,47.6304588,-122.3987731,10,54.95,45.95,1.00566666666667,100,0,247,4.11666666666667,47.6304551145252,-122.398773693282,0.0363127031483987
"14:27:39","10/6/2022","00:45:56",-5.4864,265,79,47.6304588,-122.3987731,10,54.95,45.9666666666667,0.985,100,0,248,4.13333333333333,47.6304553585234,-122.39877327258,0.0416459457541243
"14:27:40","10/6/2022","00:45:57",-5.45592,265,79,47.6304588,-122.3987731,10,54.95,45.9833333333333,0.975555555555556,100,0,249,4.15,47.6304556516847,-122.398772842167,0.0459047983873237
"14:27:41","10/6/2022","00:45:58",-5.42544,267,79,47.6304588,-122.3987731,10,54.95,46,0.986777777777778,100,0,250,4.16666666666667,47.6304559906873,-122.39877242211,0.049147704624151
"14:27:42","10/6/2022","00:45:59",-5.45592,266,79,47.6304588,-122.3987731,10,54.95,46.0166666666667,1.01122222222222,100,0,251,4.18333333333333,47.630456371724,-122.398772032718,0.0514709394788178
"14:27:43","10/6/2022","00:46:00",-5.4864,269,79,47.6304588,-122.3987731,10,54.95,46.0333333333333,1.01111111111111,100,0,252,4.2,47.630456790508,-122.398771694622,0.0530241883053905
"14:27:44","10/6/2022","00:46:01",-5.51688,268,79,47.6304588,-122.3987731,10,54.95,46.05,0.981,100,0,253,4.21666666666667,47.6304572422787,-122.398771428857,0.0540347048684853
"14:27:45","10/6/2022","00:46:02",-5.45592,267,79,47.6304588,-122.3987731,10,54.95,46.0666666666667,0.956555555555555,100,0,254,4.23333333333333,47.6304577218067,-122.398771256953,0.0548379299086509
"14:27:46","10/6/2022","00:46:03",-5.42544,262,79,47.6304588,-122.3987731,10,54.95,46.0833333333333,0.976,100,0,255,4.25,47.6304582234,-122.398771201011,0.0559059980936682
"14:27:47","10/6/2022","00:46:04",-5.42544,259,79,47.6304588,-122.3987731,10,54.95,46.1,1.004,100,0,256,4.26666666666667,47.630458740909,-122.398771283793,0.0578519676669996
"14:27:48","10/6/2022","00:46:05",-5.45592,259,79,47.6304588,-122.3987731,10,54.95,46.1166666666667,1.01555555555556,100,0,257,4.28333333333333,47.6304592677326,-122.398771528802,0.0613771417903961
"14:27:49","10/6/2022","00:46:06",-5.45592,260,79,47.6304588,-122.3987731,10,54.95,46.1333333333333,1.01355555555556,100,0,258,4.3,47.6304597968234,-122.398771960369,0.0671502244397171
"14:27:50","10/6/2022","00:46:07",-5.45592,260,79,47.6304588,-122.3987731,10,54.95,46.15,1.00333333333333,100,0,259,4.31666666666667,47.6304603206937,-122.398772603736,0.075672230316783
"14:27:51","10/6/2022","00:46:08",-5.42544,260,79,47.6304588,-122.3987731,10,54.95,46.1666666666667,0.996111111111111,100,0,260,4.33333333333333,47.6304608314205,-122.398773485136,0.0872175534233371
"14:27:52","10/6/2022","00:46:09",-5.42544,260,79,47.6304588,-122.3987731,10,54.95,46.1833333333333,0.998666666666667,100,0,261,4.35,47.6304613206516,-122.398774631887,0.10187726567769
"14:27:53","10/6/2022","00:46:10",-5.42544,260,79,47.6304588,-122.3987731,10,54.95,46.2,1.00688888888889,100,0,262,4.36666666666667,47.6304617796109,-122.398776072465,0.119646858539098
"14:27:54","10/6/2022","00:46:11",-5.45592,260,79,47.6304588,-122.3987731,10,54.95,46.2166666666667,1.01355555555556,100,0,263,4.38333333333333,47.6304622859528,-122.398776963537,0.0874560548241236
"14:27:55","10/6/2022","00:46:12",-5.4864,260,79,47.6304588,-122.3987731,10,54.95,46.2333333333333,1.00622222222222,100,0,264,4.4,47.6304628548841,-122.39877795977,0.0979802155086376
"14:27:56","10/6/2022","00:46:13",-5.45592,259,79,47.6304588,-122.3987731,10,54.95,46.25,0.9967,100,0,265,4.41666666666667,47.630463417124,-122.398779065809,0.103969095289246
"14:27:57","10/6/2022","00:46:14",-5.45592,260,79,47.6304588,-122.3987731,10,54.95,46.2666666666667,0.996888888888889,100,0,266,4.43333333333333,47.6304639679309,-122.398780286411,0.110258055266969
"14:27:58","10/6/2022","00:46:15",-5.45592,260,79,47.6304588,-122.3987731,10,54.95,46.2833333333333,1.01111111111111,100,0,267,4.45,47.6304645024463,-122.398781626496,0.116898902047825
"14:27:59","10/6/2022","00:46:16",-5.45592,260,79,47.6304588,-122.3987731,10,54.95,46.3,1.00911111111111,100,0,268,4.46666666666667,47.6304650157062,-122.398783091207,0.123948502968022
"14:28:00","10/6/2022","00:46:17",-5.4864,260,79,47.6304588,-122.3987731,10,54.95,46.3166666666667,0.993888888888889,100,0,269,4.48333333333333,47.6304654379846,-122.398785335193,0.174998187282433
"14:28:01","10/6/2022","00:46:18",-5.45592,257,79,47.6304588,-122.3987731,10,54.95,46.3333333333333,0.989111111111111,100,0,270,4.5,47.6304657838209,-122.398788166617,0.216165480453084
"14:28:02","10/6/2022","00:46:19",-5.45592,260,79,47.6304588,-122.3987731,10,54.95,46.35,0.998666666666667,100,0,271,4.51666666666667,47.6304661299793,-122.398790594909,0.186446504907985
"14:28:03","10/6/2022","00:46:20",-5.45592,270,79,47.6304664,-122.398796,10,54.95,46.3666666666667,1.00766666666667,100,1.9166121687232,272,4.53333333333333,47.6304668162512,-122.398792623348,0.170415496732183
"14:28:04","10/6/2022","00:46:21",-5.45592,271,79,47.6304664,-122.398796,10,54.95,46.3833333333333,1.011,100,0,273,4.55,47.6304674963291,-122.398794421357,0.154790704026008
"14:28:05","10/6/2022","00:46:22",-5.4864,273,79,47.6304664,-122.398796,10,54.95,46.4,0.9966,100,0,274,4.56666666666667,47.6304681447776,-122.398796026569,0.140490962117218
"14:28:06","10/6/2022","00:46:23",-5.4864,273,79,47.6304664,-122.398796,10,54.95,46.4166666666667,0.983888888888889,100,0,275,4.58333333333333,47.6304688249286,-122.398797474264,0.132452735623748
"14:28:07","10/6/2022","00:46:24",-5.45592,274,79,47.6304664,-122.398796,10,54.95,46.4333333333333,0.971888888888889,100,0,276,4.6,47.6304695342533,-122.398798797468,0.126875660193759
"14:28:08","10/6/2022","00:46:25",-5.45592,273,79,47.6304817,-122.398796,10,54.95,46.45,0.971333333333333,100,1.70046409489431,277,4.61666666666667,47.6304703598768,-122.398799853357,0.121296815418814
"14:28:09","10/6/2022","00:46:26",-5.45592,273,79,47.6304817,-122.398796,10,54.95,46.4666666666667,0.975111111111111,100,0,278,4.63333333333333,47.6304715150435,-122.398800968522,0.153304918749563
"14:28:10","10/6/2022","00:46:27",-5.4864,274,79,47.6304855,-122.398796,10,54.95,46.4833333333333,0.970444444444444,100,0.422337488574351,279,4.65,47.6304725346993,-122.398802040229,0.139016482159423
"14:28:11","10/6/2022","00:46:28",-5.51688,271,79,47.6304817,-122.3988113,10,54.95,46.5,0.945333333333333,100,1.22459856412009,280,4.66666666666667,47.6304733456402,-122.398803093226,0.119923580277246
"14:28:12","10/6/2022","00:46:29",-5.4864,272,79,47.6304817,-122.3988113,10,54.95,46.5166666666667,0.924888888888889,100,0,281,4.68333333333333,47.630474023082,-122.398804150503,0.109445245303389
"14:28:13","10/6/2022","00:46:30",-5.42544,272,79,47.6304817,-122.3988113,10,54.95,46.5333333333333,0.939666666666667,100,0,282,4.7,47.6304745770028,-122.398805233401,0.102024264859366
"14:28:14","10/6/2022","00:46:31",-5.42544,269,79,47.6304817,-122.3988113,10,54.95,46.55,0.9659,100,0,283,4.71666666666667,47.6304750168353,-122.398806361704,0.0978528462825628
"14:28:15","10/6/2022","00:46:32",-5.45592,269,79,47.6304817,-122.3988113,10,54.95,46.5666666666667,0.97075,100,0,284,4.73333333333333,47.6304752646434,-122.398807380049,0.0813132016681548
"14:28:16","10/6/2022","00:46:33",-5.4864,268,79,47.630474,-122.3988265,10,54.95,46.5833333333333,0.9569,100,1.42703640040965,285,4.75,47.6304754777277,-122.398808429489,0.0823229137784629
"14:28:17","10/6/2022","00:46:34",-5.4864,266,79,47.630474,-122.3988265,10,54.95,46.6,0.933222222222222,100,0,286,4.76666666666667,47.6304755992334,-122.398809520221,0.0830503464533333
"14:28:18","10/6/2022","00:46:35",-5.45592,267,79,47.630474,-122.3988265,10,54.95,46.6166666666667,0.921222222222222,100,0,287,4.78333333333333,47.630475571858,-122.398810921387,0.105311448720179
"14:28:19","10/6/2022","00:46:36",-5.42544,268,79,47.630474,-122.3988265,10,54.95,46.6333333333333,0.926555555555556,100,0,288,4.8,47.6304754868926,-122.398812300812,0.104063549760784
"14:28:20","10/6/2022","00:46:37",-5.45592,270,79,47.630474,-122.3988265,10,54.95,46.65,0.943,100,0,289,4.81666666666667,47.6304753485127,-122.398813674247,0.104324007074771
"14:28:21","10/6/2022","00:46:38",-5.4864,269,79,47.630474,-122.3988265,10,54.95,46.6666666666667,0.946888888888889,100,0,290,4.83333333333333,47.6304753343459,-122.398814879805,0.090585524394586
"14:28:22","10/6/2022","00:46:39",-5.4864,269,79,47.630474,-122.3988265,10,54.95,46.6833333333333,0.95,100,0,291,4.85,47.6304751946962,-122.398816316114,0.109018243354015
"14:28:23","10/6/2022","00:46:40",-5.42544,274,79,47.630474,-122.3988265,10,54.95,46.7,0.950555555555555,100,0,292,4.86666666666667,47.6304751073045,-122.398817649064,0.100612516178357
"14:28:24","10/6/2022","00:46:41",-5.42544,273,79,47.630474,-122.3988265,10,54.95,46.7166666666667,0.9579,100,0,293,4.88333333333333,47.6304745778371,-122.398819326746,0.139101944928083
"14:28:25","10/6/2022","00:46:42",-5.45592,272,79,47.630474,-122.3988265,10,54.95,46.7333333333333,0.956444444444444,100,0,294,4.9,47.6304738340706,-122.398820897479,0.144079261761454
"14:28:26","10/6/2022","00:46:43",-5.4864,271,79,47.630474,-122.3988265,10,54.95,46.75,0.937222222222222,100,0,295,4.91666666666667,47.6304732877037,-122.398822385858,0.127244068506052
"14:28:27","10/6/2022","00:46:44",-5.4864,272,79,47.630474,-122.3988265,10,54.95,46.7666666666667,0.909888888888889,100,0,296,4.93333333333333,47.6304729153462,-122.398823814452,0.115030469701431
"14:28:28","10/6/2022","00:46:45",-5.45592,272,79,47.630474,-122.3988265,10,54.95,46.7833333333333,0.897111111111111,100,0,297,4.95,47.6304728260724,-122.3988250746,0.095191584010501
"14:28:29","10/6/2022","00:46:46",-5.42544,271,79,47.630474,-122.3988265,10,54.95,46.8,0.798333333333333,100,0,298,4.96666666666667,47.6304728284204,-122.398826353904,0.0961125305649607
"14:28:30","10/6/2022","00:46:47",-5.39496,271,79,47.630474,-122.3988265,10,54.95,46.8166666666667,0.642,100,0,299,4.98333333333333,47.6304729080539,-122.398827664887,0.0988890991253891
"14:28:31","10/6/2022","00:46:48",-5.36448,270,79,47.630474,-122.3988265,10,54.95,46.8333333333333,0.571888888888889,100,0,300,5,47.6304730517739,-122.398829018818,0.102965389566121
"14:28:32","10/6/2022","00:46:49",-5.27304,271,79,47.630474,-122.3988265,10,54.95,46.85,0.6122,100,0,301,5.01666666666667,47.6304733121802,-122.398830555167,0.118996867101773
"14:28:33","10/6/2022","00:46:50",-5.12064,270,79,47.630474,-122.3988265,10,54.95,46.8666666666667,0.693555555555556,100,0,302,5.03333333333333,47.6304736586503,-122.398832114362,0.123306894452097
"14:28:34","10/6/2022","00:46:51",-5.0292,271,79,47.630474,-122.3988265,10,54.95,46.8833333333333,0.792666666666667,100,0,303,5.05,47.6304741287197,-122.398833580048,0.121879971489018
"14:28:35","10/6/2022","00:46:52",-4.8768,271,79,47.630474,-122.3988265,10,54.93,46.9,0.895333333333333,100,0,304,5.06666666666667,47.6304745495989,-122.398835132884,0.125690834301186
"14:28:36","10/6/2022","00:46:53",-4.8768,272,79,47.630474,-122.3988265,10,54.95,46.9166666666667,1.01455555555556,100,0,305,5.08333333333333,47.6304749874616,-122.398836779203,0.132914897103782
"14:28:37","10/6/2022","00:46:54",-4.84632,271,79,47.630474,-122.3988265,10,54.95,46.9333333333333,1.17377777777778,100,0,306,5.1,47.6304753600697,-122.398838524835,0.137529745969362
"14:28:38","10/6/2022","00:46:55",-4.90728,271,79,47.630474,-122.3988265,10,54.93,46.95,1.39122222222222,100,0,307,5.11666666666667,47.6304756725141,-122.398840375224,0.143288478342137
"14:28:39","10/6/2022","00:46:56",-4.96824,271,79,47.630474,-122.3988265,10,54.95,46.9666666666667,1.52866666666667,100,0,308,5.13333333333333,47.6304761907448,-122.398842075187,0.14010249667926
"14:28:40","10/6/2022","00:46:57",-5.0292,271,79,47.630474,-122.3988265,10,54.95,46.9833333333333,1.53333333333333,100,0,309,5.15,47.6304765812236,-122.39884396939,0.148778962607153
"14:28:41","10/6/2022","00:46:58",-5.15112,271,79,47.630474,-122.3988265,10,54.95,47,1.45055555555556,100,0,310,5.16666666666667,47.6304768600749,-122.398846053329,0.159601254220487
"14:28:42","10/6/2022","00:46:59",-5.1816,271,79,47.630474,-122.3988265,10,54.95,47.0166666666667,1.38922222222222,100,0,311,5.18333333333333,47.6304770434255,-122.398848323123,0.171739533178007
"14:28:43","10/6/2022","00:47:00",-5.27304,272,79,47.630474,-122.3988265,10,54.95,47.0333333333333,1.33833333333333,100,0,312,5.2,47.6304770827569,-122.398851294665,0.223290351217906
"14:28:44","10/6/2022","00:47:01",-5.30352,272,79,47.630474,-122.3988265,10,54.95,47.05,1.26933333333333,100,0,313,5.21666666666667,47.6304770786078,-122.398854288646,0.224933808633471
"14:28:45","10/6/2022","00:47:02",-5.36448,272,79,47.630474,-122.3988265,10,54.95,47.0666666666667,1.20988888888889,100,0,314,5.23333333333333,47.6304770448595,-122.398857322747,0.227978413083756
"14:28:46","10/6/2022","00:47:03",-5.36448,271,79,47.630474,-122.3988265,10,54.95,47.0833333333333,1.15944444444444,100,0,315,5.25,47.6304769956008,-122.398860414703,0.232358592145612
"14:28:47","10/6/2022","00:47:04",-5.39496,272,79,47.6304702,-122.39886465,10,54.95,47.1,1.10866666666667,100,2.89710276064969,316,5.26666666666667,47.6304769451451,-122.398863582433,0.238052953824953
"14:28:48","10/6/2022","00:47:05",-5.39496,272,79,47.6304664,-122.3989028,10,54.95,47.1166666666667,1.0609,100,2.89710295551542,317,5.28333333333333,47.6304769080472,-122.398866844178,0.245084740714284
"14:28:49","10/6/2022","00:47:06",-5.39496,272,79,47.6304664,-122.3989028,10,54.95,47.1333333333333,1.04466666666667,100,0,318,5.3,47.6304770284546,-122.398870218632,0.253870701690464
"14:28:50","10/6/2022","00:47:07",-5.39496,271,79,47.6304664,-122.3989028,10,54.95,47.15,1.04944444444444,100,0,319,5.31666666666667,47.630477152758,-122.39887372508,0.263796252525052
"14:28:51","10/6/2022","00:47:08",-5.42544,272,79,47.6304664,-122.3989028,10,54.95,47.1666666666667,1.04511111111111,100,0,320,5.33333333333333,47.6304771273802,-122.398876860152,0.235550242843023
"14:28:52","10/6/2022","00:47:09",-5.42544,272,79,47.6304664,-122.3989028,10,54.95,47.1833333333333,1.027,100,0,321,5.35,47.6304770965656,-122.398880018557,0.237310963518097
"14:28:53","10/6/2022","00:47:10",-5.39496,272,79,47.6304664,-122.3989028,10,54.95,47.2,1.00411111111111,100,0,322,5.36666666666667,47.6304770750305,-122.398883205472,0.239440197988347
"14:28:54","10/6/2022","00:47:11",-5.36448,271,79,47.6304664,-122.3989028,10,54.95,47.2166666666667,1.00611111111111,100,0,323,5.38333333333333,47.630477077314,-122.398886426372,0.241981583790148
"14:28:55","10/6/2022","00:47:12",-5.39496,271,79,47.6304664,-122.3989028,10,54.95,47.2333333333333,1.02644444444444,100,0,324,5.4,47.6304771177957,-122.398889687142,0.245018188839613
"14:28:56","10/6/2022","00:47:13",-5.42544,271,79,47.6304931,-122.3989028,10,54.95,47.25,1.02955555555556,100,2.96747653545966,325,5.41666666666667,47.6304768610315,-122.3988929942,0.250087844336951
"14:28:57","10/6/2022","00:47:14",-5.45592,272,79,47.6304931,-122.3989028,10,54.95,47.2666666666667,1.01077777777778,100,0,326,5.43333333333333,47.6304765709029,-122.398896354608,0.254513408798345
"14:28:58","10/6/2022","00:47:15",-5.39496,272,79,47.6304931,-122.3989028,10,54.95,47.2833333333333,0.9958,100,0,327,5.45,47.630476163417,-122.398899776196,0.261017837591771
"14:28:59","10/6/2022","00:47:16",-5.36448,271,79,47.6304931,-122.3989028,10,54.95,47.3,1.01488888888889,100,0,328,5.46666666666667,47.6304755292932,-122.398903568073,0.293466517274716
"14:29:00","10/6/2022","00:47:17",-5.39496,271,79,47.6304931,-122.3989028,10,54.95,47.3166666666667,1.04066666666667,100,0,329,5.48333333333333,47.6304748802395,-122.398907141796,0.278010490534052
"14:29:01","10/6/2022","00:47:18",-5.42544,271,79,47.6304931,-122.3989028,10,54.95,47.3333333333333,1.037,100,0,330,5.5,47.6304742271817,-122.398910650215,0.273393059410618
"14:29:02","10/6/2022","00:47:19",-5.45592,272,79,47.6304931,-122.3989028,10,54.95,47.35,1.00488888888889,100,0,331,5.51666666666667,47.6304736432189,-122.398913947549,0.256084814631449
"14:29:03","10/6/2022","00:47:20",-5.39496,272,79,47.6304931,-122.3989028,10,54.95,47.3666666666667,0.969333333333333,100,0,332,5.53333333333333,47.630473114729,-122.398917060993,0.241170531906338
"14:29:04","10/6/2022","00:47:21",-5.36448,271,79,47.6304931,-122.3989028,10,54.95,47.3833333333333,0.975666666666667,100,0,333,5.55,47.6304725455197,-122.398919800803,0.215340212275638
"14:29:05","10/6/2022","00:47:22",-5.36448,271,79,47.6304893,-122.3989181,10,54.95,47.4,1.01555555555556,100,1.22459839687883,334,5.56666666666667,47.6304725997082,-122.398922025209,0.167224843102911
"14:29:06","10/6/2022","00:47:23",-5.42544,271,79,47.6304893,-122.3989181,10,54.95,47.4166666666667,1.03288888888889,100,0,335,5.58333333333333,47.6304726756632,-122.398924118172,0.157467633801315
"14:29:07","10/6/2022","00:47:24",-5.45592,272,79,47.6304893,-122.3989181,10,54.95,47.4333333333333,1.00333333333333,100,0,336,5.6,47.6304727731885,-122.398926079404,0.147742664084785
"14:29:08","10/6/2022","00:47:25",-5.39496,272,79,47.6304893,-122.3989181,10,54.95,47.45,0.9688,100,0,337,5.61666666666667,47.630472891959,-122.398927909365,0.138114486493922
"14:29:09","10/6/2022","00:47:26",-5.36448,272,79,47.6304817,-122.3989334,10,54.95,47.4666666666667,0.976111111111111,100,1.4264460618499,338,5.63333333333333,47.6304730315217,-122.398929609253,0.128648618348803
"14:29:10","10/6/2022","00:47:27",-5.39496,271,79,47.6304817,-122.3989334,10,54.95,47.4833333333333,1.01677777777778,100,0,339,5.65,47.6304731912949,-122.398931181012,0.119411665244797
"14:29:11","10/6/2022","00:47:28",-5.42544,272,79,47.6304626,-122.3989486,10,54.95,47.5,1.02966666666667,100,2.41046563470227,340,5.66666666666667,47.6304733705684,-122.398932627328,0.110471296806686
"14:29:12","10/6/2022","00:47:29",-5.4864,272,79,47.6304435,-122.3989486,10,54.95,47.5166666666667,1.00366666666667,100,2.12280154917794,341,5.68333333333333,47.6304735685039,-122.398933951631,0.101895965785301
"14:29:13","10/6/2022","00:47:30",-5.4864,271,79,47.6304435,-122.3989486,10,54.95,47.5333333333333,0.975333333333333,100,0,342,5.7,47.6304737841345,-122.398935158092,0.0937544117538565
"14:29:14","10/6/2022","00:47:31",-5.4864,271,79,47.6304435,-122.3989486,10,54.95,47.55,0.953555555555555,100,0,343,5.71666666666667,47.6304740163647,-122.398936251627,0.0861146011227122
"14:29:15","10/6/2022","00:47:32",-5.4864,271,79,47.6304512,-122.398941,10,54.95,47.5666666666667,0.934111111111111,100,1.02878075136472,344,5.73333333333333,47.6304742639709,-122.398937237892,0.079041967680195
"14:29:16","10/6/2022","00:47:33",-5.51688,269,79,47.6304512,-122.398941,10,54.95,47.5833333333333,0.910888888888889,100,0,345,5.75,47.630474525601,-122.398938123291,0.0725965550648279
"14:29:17","10/6/2022","00:47:34",-5.45592,272,79,47.6304512,-122.398941,10,54.95,47.6,0.894555555555556,100,0,346,5.76666666666667,47.6304747997743,-122.398938914965,0.0668288598741015
"14:29:18","10/6/2022","00:47:35",-5.42544,271,79,47.6304512,-122.398941,10,54.95,47.6166666666667,0.9002,100,0,347,5.78333333333333,47.6304750848819,-122.398939620803,0.0617746745063068
"14:29:19","10/6/2022","00:47:36",-5.39496,271,79,47.630455,-122.3989486,10,54.95,47.6333333333333,0.931375,100,0.710199772038608,348,5.8,47.6304753791864,-122.398940249433,0.0574490980292992
"14:29:20","10/6/2022","00:47:37",-5.39496,271,79,47.6304588,-122.3989486,10,54.95,47.65,0.9743,100,0.42233748212139,349,5.81666666666667,47.630475680822,-122.39894081023,0.0538420218414908
"14:29:21","10/6/2022","00:47:38",-5.39496,271,79,47.6304664,-122.398941,10,54.95,47.6666666666667,1,100,1.019554041675,350,5.83333333333333,47.6304759877946,-122.398941313308,0.0509165682650366
"14:29:22","10/6/2022","00:47:39",-5.42544,271,79,47.6304664,-122.398941,10,54.95,47.6833333333333,1.00711111111111,100,0,351,5.85,47.6304762979812,-122.398941769527,0.0486135265040123
"14:29:23","10/6/2022","00:47:40",-5.39496,272,79,47.6304702,-122.398941,10,54.95,47.7,1.00555555555556,100,0.422337481514915,352,5.86666666666667,47.6304766091312,-122.398942190487,0.0468626089078184
"14:29:24","10/6/2022","00:47:41",-5.39496,270,79,47.6304702,-122.398941,10,54.99,47.7166666666667,1.00255555555556,100,0,353,5.88333333333333,47.6304769188648,-122.398942588535,0.0455995626166633
"14:29:25","10/6/2022","00:47:42",-5.39496,268,79,47.6304702,-122.398941,10,54.95,47.7333333333333,1.00055555555556,100,0,354,5.9,47.6304772246743,-122.398942976756,0.0447870216197413
"14:29:26","10/6/2022","00:47:43",-5.39496,274,79,47.6304855,-122.3989257,10,54.95,47.75,0.991111111111111,100,2.05252308865221,355,5.91666666666667,47.6304775239232,-122.398943368983,0.0444352070282775
"14:29:27","10/6/2022","00:47:44",-5.39496,272,79,47.6304855,-122.3989257,10,54.95,47.7666666666667,0.986555555555556,100,0,356,5.93333333333333,47.6304778138471,-122.398943779789,0.0446187187336862
"14:29:28","10/6/2022","00:47:45",-5.39496,272,79,47.6304855,-122.3989257,10,54.95,47.7833333333333,0.9912,100,0,357,5.95,47.6304780915526,-122.398944224489,0.0454843885156123
"14:29:29","10/6/2022","00:47:46",-5.36448,273,79,47.6304855,-122.3989257,10,54.95,47.8,1.00455555555556,100,0,358,5.96666666666667,47.6304783540182,-122.398944719144,0.0472440743172652
"14:29:30","10/6/2022","00:47:47",-5.39496,273,79,47.6304817,-122.3989562,10,54.95,47.8166666666667,1.01633333333333,100,2.33001565486458,359,5.98333333333333,47.630478598094,-122.398945280556,0.0501483641133034
"14:29:31","10/6/2022","00:47:48",-5.42544,273,79,47.6304817,-122.3989562,10,54.95,47.8333333333333,1.01122222222222,100,0,360,6,47.6304788205016,-122.39894592627,0.0544461742369268
"14:29:32","10/6/2022","00:47:49",-5.39496,273,79,47.6304817,-122.3989562,10,54.95,47.85,0.994333333333333,100,0,361,6.01666666666667,47.6304790178342,-122.398946674575,0.0603455734474527
"14:29:33","10/6/2022","00:47:50",-5.36448,272,79,47.6304817,-122.3989562,10,54.95,47.8666666666667,0.989555555555556,100,0,362,6.03333333333333,47.6304791865566,-122.398947544503,0.0679933271440658
"14:29:34","10/6/2022","00:47:51",-5.36448,273,79,47.6304817,-122.3989562,10,54.99,47.8833333333333,0.999111111111111,100,0,363,6.05,47.6304793230052,-122.398948555827,0.0774779201510431
"14:29:35","10/6/2022","00:47:52",-5.39496,273,79,47.6304817,-122.3989562,10,54.95,47.9,0.997444444444444,100,0,364,6.06666666666667,47.6304794233879,-122.398949729064,0.0888468652672271
"14:29:36","10/6/2022","00:47:53",-5.39496,270,79,47.6304893,-122.3989562,10,54.95,47.9166666666667,0.987666666666667,100,0.844674965486415,365,6.08333333333333,47.6304794837842,-122.398951085476,0.102126023560715
"14:29:37","10/6/2022","00:47:54",-5.39496,273,79,47.6304893,-122.3989562,10,54.99,47.9333333333333,0.9746,100,0,366,6.1,47.6304795001454,-122.398952647064,0.117333942222789
"14:29:38","10/6/2022","00:47:55",-5.39496,273,79,47.6304893,-122.3989562,10,54.95,47.95,0.975666666666667,100,0,367,6.11666666666667,47.630479468294,-122.398954436576,0.134489975544816
"14:29:39","10/6/2022","00:47:56",-5.39496,273,79,47.6304893,-122.3989562,10,54.95,47.9666666666667,0.983888888888889,100,0,368,6.13333333333333,47.6304793839245,-122.398956477501,0.153618090177986
"14:29:40","10/6/2022","00:47:57",-5.39496,273,79,47.6304893,-122.3989562,10,54.95,47.9833333333333,0.992888888888889,100,0,369,6.15,47.6304792426027,-122.39895879407,0.174747701891203
"14:29:41","10/6/2022","00:47:58",-5.39496,273,79,47.6304893,-122.3989562,10,54.99,48,0.995333333333333,100,0,370,6.16666666666667,47.630479039766,-122.398961411258,0.197913612827013
"14:29:42","10/6/2022","00:47:59",-5.39496,273,79,47.6304893,-122.3989562,10,54.95,48.0166666666667,0.989555555555556,100,0,371,6.18333333333333,47.6304787707235,-122.398964354784,0.223155185186342
"14:29:43","10/6/2022","00:48:00",-5.39496,273,79,47.6304893,-122.3989562,10,54.99,48.0333333333333,0.982777777777778,100,0,372,6.2,47.6304784306559,-122.398967651109,0.250515539622337
"14:29:44","10/6/2022","00:48:01",-5.36448,272,79,47.6304893,-122.3989562,10,54.99,48.05,0.988111111111111,100,0,373,6.21666666666667,47.6304780146153,-122.398971327436,0.280040838442827
"14:29:45","10/6/2022","00:48:02",-5.36448,273,79,47.6304893,-122.3989562,10,54.99,48.0666666666667,1.00366666666667,100,0,374,6.23333333333333,47.6304775175256,-122.398975411713,0.311779603447447
"14:29:46","10/6/2022","00:48:03",-5.39496,273,79,47.630474,-122.3989944,10,54.99,48.0833333333333,1.00488888888889,100,3.33585932342148,375,6.25,47.6304769341822,-122.398979932629,0.34578220981432
"14:29:47","10/6/2022","00:48:04",-5.39496,273,79,47.6304702,-122.3989944,10,54.99,48.1,0.996666666666667,100,0.422337481125507,376,6.26666666666667,47.6304762592519,-122.398984919617,0.382100515333174
"14:29:48","10/6/2022","00:48:05",-5.39496,272,79,47.6304664,-122.399002,10,54.95,48.1166666666667,0.9902,100,0.710199636556171,377,6.28333333333333,47.6304754872735,-122.398990402853,0.420787484959127
"14:29:49","10/6/2022","00:48:06",-5.36448,271,79,47.6304664,-122.399002,10,54.99,48.1333333333333,0.986777777777778,100,0,378,6.3,47.630474612657,-122.398996413255,0.461897025910596
"14:29:50","10/6/2022","00:48:07",-5.39496,273,79,47.6304664,-122.399002,10,54.99,48.15,0.988777777777778,100,0,379,6.31666666666667,47.6304736296841,-122.399002982486,0.505483690613125
"14:29:51","10/6/2022","00:48:08",-5.39496,262,79,47.6304512,-122.3990097,10,54.99,48.1666666666667,0.989777777777778,100,1.78565215332994,380,6.33333333333333,47.6304725325083,-122.39901014295,0.551602655101052
