"date","time","flight_time","depth","heading","battery_remaining","lat","lon","satellite_count","temp","seq"
"8/15/2022","09:46:44","00:00:00",0,89,98,47.6197395,-122.3632507,10,62.94,0.0166666666666667
"8/15/2022","09:46:45","00:00:01",-0.1,89,98,47.6197395,-122.3632507,10,62.94,0.0333333333333333
"8/15/2022","09:46:46","00:00:01",-0.2,89,98,47.6197395,-122.3632507,10,62.94,0.05
"8/15/2022","09:46:47","00:00:02",0.1,88,98,47.6197395,-122.3632507,10,62.94,0.0666666666666667
"8/15/2022","09:46:48","00:00:03",-0.1,88,98,47.6197395,-122.3632507,10,62.94,0.0833333333333333
"8/15/2022","09:46:49","00:00:04",-0.3,88,98,47.6197395,-122.3632507,10,62.94,0.1
"8/15/2022","09:46:50","00:00:05",0.1,88,98,47.6197395,-122.3632507,10,62.94,0.116666666666667
"8/15/2022","09:46:51","00:00:06",0,88,98,47.6197395,-122.3632507,10,62.94,0.133333333333333
"8/15/2022","09:46:52","00:00:06",-0.3,88,98,47.6197395,-122.3632507,10,62.94,0.15
"8/15/2022","09:46:53","00:00:06",-0.1,88,98,47.6197395,-122.3632507,10,62.94,0.166666666666667
"8/15/2022","09:46:54","00:00:06",0,88,98,47.6197395,-122.3632507,10,62.92,0.183333333333333
"8/15/2022","09:46:55","00:00:06",-0.2,88,98,47.6197395,-122.3632507,10,62.92,0.2
"8/15/2022","09:46:56","00:00:06",0,83,98,47.6197395,-122.3632507,10,62.92,0.216666666666667
"8/15/2022","09:46:57","00:00:06",-0.1,91,98,47.6197395,-122.3632507,10,62.94,0.233333333333333
"8/15/2022","09:46:58","00:00:06",-0.3,90,98,47.6197395,-122.3632507,10,62.92,0.25
"8/15/2022","09:46:59","00:00:06",0.1,91,98,47.6197395,-122.3632507,10,62.92,0.266666666666667
"8/15/2022","09:47:00","00:00:06",0,90,98,47.6197395,-122.3632507,10,62.92,0.283333333333333
"8/15/2022","09:47:01","00:00:06",-0.1,90,98,47.6197395,-122.3632507,10,62.92,0.3
"8/15/2022","09:47:02","00:00:06",0,90,98,47.6197395,-122.3632507,10,62.92,0.316666666666667
"8/15/2022","09:47:03","00:00:06",-0.2,91,98,47.6197395,-122.3632507,10,62.92,0.333333333333333
"8/15/2022","09:47:04","00:00:06",-0.2,91,98,47.6197395,-122.3632507,10,62.92,0.35
"8/15/2022","09:47:05","00:00:06",0.1,91,98,47.6197395,-122.3632507,10,62.92,0.366666666666667
"8/15/2022","09:47:06","00:00:06",0,91,98,47.6197395,-122.3632507,10,62.92,0.383333333333333
"8/15/2022","09:47:08","00:00:06",-0.2,91,98,47.6197395,-122.3632507,10,62.94,0.4
"8/15/2022","09:47:08","00:00:06",-0.2,91,98,47.6197395,-122.3632507,10,62.92,0.416666666666667
"8/15/2022","09:47:09","00:00:06",0.1,91,98,47.6197395,-122.3632507,10,62.92,0.433333333333333
"8/15/2022","09:47:10","00:00:06",-0.1,91,98,47.6197395,-122.3632507,10,62.94,0.45
"8/15/2022","09:47:12","00:00:06",-0.1,91,98,47.6197395,-122.3632507,10,62.94,0.466666666666667
"8/15/2022","09:47:13","00:00:06",0.1,91,98,47.6197395,-122.3632507,10,62.94,0.483333333333333
"8/15/2022","09:47:14","00:00:06",-0.3,91,98,47.6197395,-122.3632507,10,62.92,0.5
"8/15/2022","09:47:15","00:00:06",-0.1,92,98,47.6197395,-122.3632507,10,62.92,0.516666666666667
"8/15/2022","09:47:16","00:00:06",0.1,92,98,47.6197395,-122.3632507,10,62.92,0.533333333333333
"8/15/2022","09:47:17","00:00:06",-0.1,92,98,47.6197395,-122.3632507,10,62.92,0.55
"8/15/2022","09:47:18","00:00:06",-0.1,92,98,47.6197395,-122.3632507,10,62.92,0.566666666666667
"8/15/2022","09:47:19","00:00:06",0,92,98,47.6197395,-122.3632507,10,62.94,0.583333333333333
"8/15/2022","09:47:20","00:00:06",-0.2,93,98,47.6197395,-122.3632507,10,62.92,0.6
"8/15/2022","09:47:21","00:00:06",0,93,98,47.6197395,-122.3632507,10,62.94,0.616666666666667
"8/15/2022","09:47:22","00:00:06",0,93,98,47.6197395,-122.3632507,10,62.92,0.633333333333333
"8/15/2022","09:47:23","00:00:06",-0.2,93,98,47.6197395,-122.3632507,10,62.92,0.65
"8/15/2022","09:47:24","00:00:06",-0.1,93,98,47.6197395,-122.3632507,10,62.92,0.666666666666667
"8/15/2022","09:47:25","00:00:06",0,94,98,47.6197395,-122.3632507,10,62.92,0.683333333333333
"8/15/2022","09:47:26","00:00:06",0,93,98,47.6197395,-122.3632507,10,62.92,0.7
"8/15/2022","09:47:27","00:00:06",-0.1,93,98,47.6197395,-122.3632507,10,62.92,0.716666666666667
"8/15/2022","09:47:28","00:00:06",-0.1,53,98,47.6197395,-122.3632507,10,62.92,0.733333333333333
"8/15/2022","09:47:29","00:00:06",0,27,98,47.6197395,-122.3632507,10,62.92,0.75
"8/15/2022","09:47:30","00:00:06",-0.1,324,98,47.6197395,-122.3632507,10,62.92,0.766666666666667
"8/15/2022","09:47:31","00:00:06",0,324,98,47.6197395,-122.3632507,10,62.94,0.783333333333333
"8/15/2022","09:47:32","00:00:06",-0.4,324,98,47.6197395,-122.3632507,10,62.94,0.8
"8/15/2022","09:47:33","00:00:06",0,313,98,47.6197395,-122.3632507,10,62.92,0.816666666666667
"8/15/2022","09:47:34","00:00:06",0.2,300,98,47.6197395,-122.3632507,10,62.92,0.833333333333333
"8/15/2022","09:47:35","00:00:06",-0.1,300,98,47.6197395,-122.3632507,10,62.94,0.85
"8/15/2022","09:47:36","00:00:06",-0.2,299,98,47.6197395,-122.3632507,10,62.94,0.866666666666667
"8/15/2022","09:47:37","00:00:06",0.1,298,98,47.6197395,-122.3632507,10,62.92,0.883333333333333
"8/15/2022","09:47:38","00:00:06",-0.2,296,98,47.6197395,-122.3632507,10,62.92,0.9
"8/15/2022","09:47:39","00:00:06",0,296,98,47.6197395,-122.3632507,10,62.92,0.916666666666667
"8/15/2022","09:47:40","00:00:06",0.2,297,98,47.6197395,-122.3632507,10,62.92,0.933333333333333
"8/15/2022","09:47:41","00:00:06",-0.2,295,98,47.6197395,-122.3632507,10,62.92,0.95
"8/15/2022","09:47:42","00:00:06",-0.2,295,98,47.6197395,-122.3632507,10,62.92,0.966666666666667
"8/15/2022","09:47:43","00:00:06",0.2,291,98,47.6197395,-122.3632507,10,62.92,0.983333333333333
"8/15/2022","09:47:44","00:00:06",-0.1,290,98,47.6197395,-122.3632507,10,62.92,1
"8/15/2022","09:47:45","00:00:06",-0.1,287,98,47.6197395,-122.3632507,10,62.92,1.01666666666667
"8/15/2022","09:47:46","00:00:06",0,286,98,47.6197395,-122.3632507,10,62.92,1.03333333333333
"8/15/2022","09:47:47","00:00:06",-0.2,286,98,47.6197395,-122.3632507,10,62.92,1.05
"8/15/2022","09:47:48","00:00:06",-0.2,284,98,47.6197395,-122.3632507,10,62.92,1.06666666666667
"8/15/2022","09:47:49","00:00:06",0.3,284,98,47.6197395,-122.3632507,10,62.91,1.08333333333333
"8/15/2022","09:47:50","00:00:06",-0.2,284,98,47.6197395,-122.3632507,10,62.92,1.1
"8/15/2022","09:47:51","00:00:06",-0.1,284,98,47.6197395,-122.3632507,10,62.92,1.11666666666667
"8/15/2022","09:47:52","00:00:06",0,283,98,47.6197395,-122.3632507,10,62.92,1.13333333333333
"8/15/2022","09:47:53","00:00:06",-0.1,284,98,47.6197395,-122.3632507,10,62.92,1.15
"8/15/2022","09:47:54","00:00:06",-0.1,287,98,47.6197395,-122.3632507,10,62.92,1.16666666666667
"8/15/2022","09:47:55","00:00:06",0.1,286,98,47.6197395,-122.3632507,10,62.92,1.18333333333333
"8/15/2022","09:47:56","00:00:06",-0.2,286,98,47.6197395,-122.3632507,10,62.92,1.2
"8/15/2022","09:47:57","00:00:06",-0.1,286,98,47.6197395,-122.3632507,10,62.91,1.21666666666667
"8/15/2022","09:47:58","00:00:06",0,286,98,47.6197395,-122.3632507,10,62.92,1.23333333333333
"8/15/2022","09:47:59","00:00:06",0,356,98,47.6197395,-122.3632507,10,62.92,1.25
"8/15/2022","09:48:00","00:00:06",-0.1,23,98,47.6197395,-122.3632507,10,62.91,1.26666666666667
"8/15/2022","09:48:01","00:00:06",-0.3,20,98,47.6197395,-122.3632507,10,62.92,1.28333333333333
"8/15/2022","09:48:02","00:00:06",0,20,98,47.6197395,-122.3632507,10,62.92,1.3
"8/15/2022","09:48:03","00:00:06",0.2,8,98,47.6197395,-122.3632507,10,62.92,1.31666666666667
"8/15/2022","09:48:04","00:00:06",-0.1,355,98,47.6197395,-122.3632507,10,62.92,1.33333333333333
"8/15/2022","09:48:05","00:00:06",-0.3,351,98,47.6197395,-122.3632507,10,62.92,1.35
"8/15/2022","09:48:06","00:00:06",0,353,98,47.6197395,-122.3632507,10,62.92,1.36666666666667
"8/15/2022","09:48:07","00:00:06",-0.1,311,98,47.6197395,-122.3632507,10,62.92,1.38333333333333
"8/15/2022","09:48:08","00:00:06",0.1,327,98,47.6197395,-122.3632507,10,62.92,1.4
"8/15/2022","09:48:09","00:00:06",0,327,98,47.6197395,-122.3632507,10,62.92,1.41666666666667
"8/15/2022","09:48:10","00:00:06",-0.2,327,98,47.6197395,-122.3632507,10,62.94,1.43333333333333
"8/15/2022","09:48:11","00:00:06",0,327,98,47.6197395,-122.3632507,10,62.94,1.45
"8/15/2022","09:48:12","00:00:06",0.1,328,98,47.6197395,-122.3632507,10,62.92,1.46666666666667
"8/15/2022","09:48:13","00:00:06",-0.2,352,98,47.6197395,-122.3632507,10,62.92,1.48333333333333
"8/15/2022","09:48:14","00:00:06",0.1,353,98,47.6197395,-122.3632507,10,62.92,1.5
"8/15/2022","09:48:15","00:00:06",0,353,98,47.6197395,-122.3632507,10,62.92,1.51666666666667
"8/15/2022","09:48:16","00:00:06",-0.3,354,98,47.6197395,-122.3632507,10,62.94,1.53333333333333
"8/15/2022","09:48:17","00:00:06",0,355,98,47.6197395,-122.3632507,10,62.92,1.55
"8/15/2022","09:48:18","00:00:06",0,356,98,47.6197395,-122.3632507,10,62.92,1.56666666666667
"8/15/2022","09:48:19","00:00:06",-0.2,356,98,47.6197395,-122.3632507,10,62.92,1.58333333333333
"8/15/2022","09:48:20","00:00:06",0.1,357,98,47.6197395,-122.3632507,10,62.94,1.6
"8/15/2022","09:48:21","00:00:06",-0.2,358,98,47.6197395,-122.3632507,10,62.94,1.61666666666667
"8/15/2022","09:48:22","00:00:06",0,358,98,47.6197395,-122.3632507,10,62.94,1.63333333333333
"8/15/2022","09:48:23","00:00:06",0.1,329,98,47.6197395,-122.3632507,10,62.92,1.65
"8/15/2022","09:48:24","00:00:06",-0.2,329,98,47.6197395,-122.3632507,10,62.92,1.66666666666667
"8/15/2022","09:48:25","00:00:06",-0.1,329,98,47.6197395,-122.3632507,10,62.92,1.68333333333333
"8/15/2022","09:48:26","00:00:06",0.2,329,98,47.6197395,-122.3632507,10,62.92,1.7
"8/15/2022","09:48:27","00:00:06",-0.1,348,98,47.6197395,-122.3632507,10,62.92,1.71666666666667
"8/15/2022","09:48:28","00:00:06",-0.1,358,98,47.6197395,-122.3632507,10,62.94,1.73333333333333
"8/15/2022","09:48:29","00:00:06",0,9,98,47.6197395,-122.3632507,10,62.92,1.75
"8/15/2022","09:48:30","00:00:06",-0.2,10,98,47.6197395,-122.3632507,10,62.92,1.76666666666667
"8/15/2022","09:48:31","00:00:06",0.1,9,98,47.6197395,-122.3632507,10,62.92,1.78333333333333
"8/15/2022","09:48:32","00:00:06",0.1,8,98,47.6197395,-122.3632507,10,62.92,1.8
"8/15/2022","09:48:33","00:00:06",-0.3,9,98,47.6197395,-122.3632507,10,62.92,1.81666666666667
"8/15/2022","09:48:34","00:00:06",0,9,98,47.6197395,-122.3632507,10,62.92,1.83333333333333
"8/15/2022","09:48:35","00:00:06",-0.1,11,98,47.6197395,-122.3632507,10,62.92,1.85
"8/15/2022","09:48:36","00:00:06",0,11,98,47.6197395,-122.3632507,10,62.92,1.86666666666667
"8/15/2022","09:48:37","00:00:06",0.2,11,98,47.6197395,-122.3632507,10,62.92,1.88333333333333
"8/15/2022","09:48:38","00:00:06",-0.3,13,98,47.6197395,-122.3632507,10,62.92,1.9
"8/15/2022","09:48:39","00:00:00",-0.1,13,98,47.6197395,-122.3632507,10,62.92,1.91666666666667
"8/15/2022","09:48:40","00:00:01",0.2,14,98,47.6197395,-122.3632507,10,62.92,1.93333333333333
"8/15/2022","09:48:41","00:00:01",-0.2,15,98,47.6197395,-122.3632507,10,62.91,1.95
"8/15/2022","09:48:42","00:00:03",-0.1,16,98,47.6197395,-122.3632507,10,62.92,1.96666666666667
"8/15/2022","09:48:43","00:00:04",0.1,17,98,47.6197395,-122.3632507,10,62.92,1.98333333333333
"8/15/2022","09:48:44","00:00:04",-0.2,17,98,47.6197395,-122.3632507,10,62.92,2
"8/15/2022","09:48:45","00:00:05",0.1,18,98,47.6197395,-122.3632507,10,62.91,2.01666666666667
"8/15/2022","09:48:46","00:00:06",0,19,98,47.6197395,-122.3632507,10,62.92,2.03333333333333
"8/15/2022","09:48:47","00:00:08",-0.3,19,98,47.6197395,-122.3632507,10,62.92,2.05
"8/15/2022","09:48:48","00:00:08",1.4,20,98,47.6197395,-122.3632507,10,62.91,2.06666666666667
"8/15/2022","09:48:49","00:00:09",0.3,39,98,47.6197395,-122.3632507,10,62.92,2.08333333333333
"8/15/2022","09:48:50","00:00:10",-0.7,35,98,47.6197395,-122.3632507,10,62.91,2.1
"8/15/2022","09:48:51","00:00:11",-1.7,36,98,47.6197395,-122.3632507,10,62.92,2.11666666666667
"8/15/2022","09:48:52","00:00:12",-0.6,31,98,47.6197395,-122.3632507,10,62.92,2.13333333333333
"8/15/2022","09:48:53","00:00:14",0.7,27,98,47.6197395,-122.3632507,10,62.92,2.15
"8/15/2022","09:48:54","00:00:15",1,22,98,47.6197395,-122.3632507,10,62.87,2.16666666666667
"8/15/2022","09:48:55","00:00:16",0,16,98,47.6197395,-122.3632507,10,62.64,2.18333333333333
"8/15/2022","09:48:56","00:00:17",-0.4,14,98,47.6197395,-122.3632507,10,62.33,2.2
"8/15/2022","09:48:57","00:00:18",-0.7,13,98,47.6197395,-122.3632507,10,62.02,2.21666666666667
"8/15/2022","09:48:58","00:00:19",-0.4,13,98,47.6197395,-122.3632507,10,61.72,2.23333333333333
"8/15/2022","09:48:59","00:00:20",0.2,13,98,47.6197395,-122.3632507,10,61.43,2.25
"8/15/2022","09:49:00","00:00:21",-0.4,12,98,47.6197395,-122.3632507,10,61.21,2.26666666666667
"8/15/2022","09:49:01","00:00:22",-0.4,13,98,47.6197395,-122.3632507,10,60.98,2.28333333333333
"8/15/2022","09:49:02","00:00:23",-0.3,13,98,47.6197395,-122.3632507,10,60.8,2.3
"8/15/2022","09:49:03","00:00:24",-0.7,14,98,47.6197395,-122.3632507,10,60.64,2.31666666666667
"8/15/2022","09:49:04","00:00:25",-0.6,17,98,47.6197395,-122.3632507,10,60.46,2.33333333333333
"8/15/2022","09:49:05","00:00:26",-1,41,98,47.6197395,-122.3632507,10,60.26,2.35
"8/15/2022","09:49:06","00:00:27",-1.3,43,98,47.6197395,-122.3632507,10,60.04,2.36666666666667
"8/15/2022","09:49:07","00:00:28",-1.1,40,98,47.6197395,-122.3632507,10,59.79,2.38333333333333
"8/15/2022","09:49:08","00:00:29",-1.2,42,98,47.6197395,-122.3632507,10,59.58,2.4
"8/15/2022","09:49:09","00:00:30",-1.2,38,98,47.6197395,-122.3632507,10,59.36,2.41666666666667
"8/15/2022","09:49:10","00:00:31",-1.3,38,98,47.6197395,-122.3632507,10,59.14,2.43333333333333
"8/15/2022","09:49:11","00:00:32",-1.3,40,98,47.6197395,-122.3632507,10,58.98,2.45
"8/15/2022","09:49:12","00:00:33",-1.3,43,98,47.6197395,-122.3632507,10,58.84,2.46666666666667
"8/15/2022","09:49:13","00:00:34",-1.1,45,98,47.6197395,-122.3632507,10,58.69,2.48333333333333
"8/15/2022","09:49:14","00:00:35",-1.6,46,98,47.6197395,-122.3632507,10,58.55,2.5
"8/15/2022","09:49:15","00:00:36",-1.8,42,98,47.6197395,-122.3632507,10,58.46,2.51666666666667
"8/15/2022","09:49:16","00:00:37",-1.6,42,98,47.6197395,-122.3632507,10,58.33,2.53333333333333
"8/15/2022","09:49:17","00:00:38",-1.3,45,98,47.6197395,-122.3632507,10,58.23,2.55
"8/15/2022","09:49:18","00:00:39",-1.1,48,98,47.6197395,-122.3632507,10,58.14,2.56666666666667
"8/15/2022","09:49:19","00:00:40",-1.6,67,98,47.6197395,-122.3632507,10,58.03,2.58333333333333
"8/15/2022","09:49:20","00:00:41",-1.8,89,98,47.6197395,-122.3632507,10,57.94,2.6
"8/15/2022","09:49:21","00:00:42",-1.8,81,98,47.6197395,-122.3632507,10,57.85,2.61666666666667
"8/15/2022","09:49:22","00:00:43",-2,81,98,47.6197395,-122.3632507,10,57.72,2.63333333333333
"8/15/2022","09:49:23","00:00:44",-2.3,81,98,47.6197395,-122.3632507,10,57.65,2.65
"8/15/2022","09:49:24","00:00:45",-2.7,65,98,47.6197395,-122.3632507,10,57.58,2.66666666666667
"8/15/2022","09:49:25","00:00:46",-2.5,62,98,47.6197395,-122.3632507,10,57.51,2.68333333333333
"8/15/2022","09:49:26","00:00:47",-2.2,60,98,47.6197395,-122.3632507,10,57.43,2.7
"8/15/2022","09:49:27","00:00:48",-2.4,62,98,47.6197395,-122.3632507,10,57.38,2.71666666666667
"8/15/2022","09:49:28","00:00:49",-2.5,63,98,47.6197395,-122.3632507,10,57.27,2.73333333333333
"8/15/2022","09:49:29","00:00:50",-2.7,64,98,47.6197395,-122.3632507,10,57.24,2.75
"8/15/2022","09:49:30","00:00:51",-2.5,65,98,47.6197395,-122.3632507,10,57.18,2.76666666666667
"8/15/2022","09:49:31","00:00:52",-2.3,67,98,47.6197395,-122.3632507,10,57.13,2.78333333333333
"8/15/2022","09:49:32","00:00:53",-2.4,66,98,47.6197395,-122.3632507,10,57.09,2.8
"8/15/2022","09:49:33","00:00:54",-2.6,66,98,47.6197395,-122.3632507,10,57.06,2.81666666666667
"8/15/2022","09:49:34","00:00:55",-2.6,65,98,47.6197395,-122.3632507,10,57.02,2.83333333333333
"8/15/2022","09:49:35","00:00:56",-2.6,65,98,47.6197395,-122.3632507,10,56.97,2.85
"8/15/2022","09:49:36","00:00:57",-2.3,65,98,47.6197395,-122.3632507,10,56.95,2.86666666666667
"8/15/2022","09:49:37","00:00:58",-2.2,75,98,47.6197395,-122.3632507,10,56.91,2.88333333333333
"8/15/2022","09:49:38","00:00:59",-2.5,74,98,47.6197395,-122.3632507,10,56.86,2.9
"8/15/2022","09:49:39","00:01:00",-2.1,74,98,47.6197395,-122.3632507,10,56.82,2.91666666666667
"8/15/2022","09:49:40","00:01:01",-2.1,72,98,47.6197395,-122.3632507,10,56.79,2.93333333333333
"8/15/2022","09:49:41","00:01:02",-2.1,72,98,47.6197395,-122.3632507,10,56.75,2.95
"8/15/2022","09:49:42","00:01:03",-2.3,72,98,47.6197395,-122.3632507,10,56.75,2.96666666666667
"8/15/2022","09:49:43","00:01:04",-2.4,72,98,47.6197395,-122.3632507,10,56.73,2.98333333333333
"8/15/2022","09:49:44","00:01:05",-1.9,73,98,47.6197395,-122.3632507,10,56.71,3
"8/15/2022","09:49:45","00:01:06",-2.1,73,98,47.6197395,-122.3632507,10,56.68,3.01666666666667
"8/15/2022","09:49:46","00:01:07",-2.5,71,98,47.6197395,-122.3632507,10,56.66,3.03333333333333
"8/15/2022","09:49:47","00:01:08",-2.2,71,98,47.6197395,-122.3632507,10,56.64,3.05
"8/15/2022","09:49:48","00:01:09",-2.2,70,98,47.6197395,-122.3632507,10,56.61,3.06666666666667
"8/15/2022","09:49:49","00:01:10",-2.2,70,98,47.6197395,-122.3632507,10,56.61,3.08333333333333
"8/15/2022","09:49:50","00:01:11",-2.1,68,98,47.6197395,-122.3632507,10,56.57,3.1
"8/15/2022","09:49:51","00:01:12",-2,89,98,47.6197395,-122.3632507,10,56.57,3.11666666666667
"8/15/2022","09:49:52","00:01:13",-1.1,89,98,47.6197395,-122.3632507,10,56.55,3.13333333333333
"8/15/2022","09:49:53","00:01:14",-0.5,88,98,47.6197395,-122.3632507,10,56.52,3.15
"8/15/2022","09:49:54","00:01:15",-0.3,95,98,47.6197395,-122.3632507,10,56.52,3.16666666666667
"8/15/2022","09:49:55","00:01:16",0,136,98,47.6197395,-122.3632507,10,56.48,3.18333333333333
"8/15/2022","09:49:56","00:01:17",-0.3,139,98,47.6197395,-122.3632507,10,56.48,3.2
"8/15/2022","09:49:57","00:01:18",-0.3,139,98,47.6197395,-122.3632507,10,56.46,3.21666666666667
"8/15/2022","09:49:58","00:01:19",-0.2,138,98,47.6197395,-122.3632507,10,56.43,3.23333333333333
"8/15/2022","09:49:59","00:01:20",-1.3,134,98,47.6197395,-122.3632507,10,56.43,3.25
"8/15/2022","09:50:00","00:01:21",-1.6,129,98,47.6197395,-122.3632507,10,56.41,3.26666666666667
"8/15/2022","09:50:01","00:01:22",-2.1,79,98,47.6197395,-122.3632507,10,56.41,3.28333333333333
"8/15/2022","09:50:02","00:01:23",-2.6,58,98,47.6197395,-122.3632507,10,56.37,3.3
"8/15/2022","09:50:03","00:01:24",-1.8,46,98,47.6197395,-122.3632507,10,56.37,3.31666666666667
"8/15/2022","09:50:04","00:01:25",-1.8,41,98,47.6197395,-122.3632507,10,56.37,3.33333333333333
"8/15/2022","09:50:05","00:01:26",-1.8,44,98,47.6197395,-122.3632507,10,56.37,3.35
"8/15/2022","09:50:06","00:01:27",-2.1,46,98,47.6197395,-122.3632507,10,56.37,3.36666666666667
"8/15/2022","09:50:07","00:01:28",-2.4,48,98,47.6197395,-122.3632507,10,56.35,3.38333333333333
"8/15/2022","09:50:08","00:01:29",-2,50,98,47.6197395,-122.3632507,10,56.35,3.4
"8/15/2022","09:50:09","00:01:30",-2,50,98,47.6197395,-122.3632507,10,56.34,3.41666666666667
"8/15/2022","09:50:10","00:01:31",-1.8,50,98,47.6197395,-122.3632507,10,56.3,3.43333333333333
"8/15/2022","09:50:11","00:01:32",-2.2,50,98,47.6197395,-122.3632507,10,56.3,3.45
"8/15/2022","09:50:12","00:01:33",-2.4,48,98,47.6197395,-122.3632507,10,56.3,3.46666666666667
"8/15/2022","09:50:13","00:01:34",-1.7,48,98,47.6197395,-122.3632507,10,56.3,3.48333333333333
"8/15/2022","09:50:14","00:01:35",-1.9,48,98,47.6197395,-122.3632507,10,56.28,3.5
"8/15/2022","09:50:15","00:01:36",-2.2,48,98,47.6197395,-122.3632507,10,56.26,3.51666666666667
"8/15/2022","09:50:16","00:01:37",-2.3,48,98,47.6197395,-122.3632507,10,56.23,3.53333333333333
"8/15/2022","09:50:17","00:01:38",-1.7,48,98,47.6197395,-122.3632507,10,56.21,3.55
"8/15/2022","09:50:18","00:01:39",-1.8,49,98,47.6197395,-122.3632507,10,56.19,3.56666666666667
"8/15/2022","09:50:19","00:01:40",-2.2,49,98,47.6197395,-122.3632507,10,56.16,3.58333333333333
"8/15/2022","09:50:20","00:01:41",-2.3,48,98,47.6197395,-122.3632507,10,56.16,3.6
"8/15/2022","09:50:21","00:01:42",-1.8,49,98,47.6197395,-122.3632507,10,56.14,3.61666666666667
"8/15/2022","09:50:22","00:01:43",-1.9,49,98,47.6197395,-122.3632507,10,56.1,3.63333333333333
"8/15/2022","09:50:23","00:01:44",-2,49,98,47.6197395,-122.3632507,10,56.08,3.65
"8/15/2022","09:50:24","00:01:45",-2.1,50,98,47.6197395,-122.3632507,10,56.08,3.66666666666667
"8/15/2022","09:50:25","00:01:46",-1.9,50,98,47.6197395,-122.3632507,10,56.05,3.68333333333333
"8/15/2022","09:50:26","00:01:47",-1.9,51,98,47.6197395,-122.3632507,10,56.05,3.7
"8/15/2022","09:50:27","00:01:48",-2,51,98,47.6197395,-122.3632507,10,56.05,3.71666666666667
"8/15/2022","09:50:28","00:01:49",-1.9,51,98,47.6197395,-122.3632507,10,56.01,3.73333333333333
"8/15/2022","09:50:29","00:01:50",-2.1,50,98,47.6197395,-122.3632507,10,56.01,3.75
"8/15/2022","09:50:30","00:01:51",-2,50,98,47.6197395,-122.3632507,10,56.01,3.76666666666667
"8/15/2022","09:50:31","00:01:52",-2,50,98,47.6197395,-122.3632507,10,55.99,3.78333333333333
"8/15/2022","09:50:32","00:01:53",-1.9,50,98,47.6197395,-122.3632507,10,55.99,3.8
"8/15/2022","09:50:33","00:01:54",-1.9,51,98,47.6197395,-122.3632507,10,55.99,3.81666666666667
"8/15/2022","09:50:34","00:01:55",-2.2,51,98,47.6197395,-122.3632507,10,55.99,3.83333333333333
"8/15/2022","09:50:35","00:01:56",-2.1,52,98,47.6197395,-122.3632507,10,55.99,3.85
"8/15/2022","09:50:36","00:01:57",-1.8,52,98,47.6197395,-122.3632507,10,55.98,3.86666666666667
"8/15/2022","09:50:37","00:01:58",-1.9,50,98,47.6197395,-122.3632507,10,55.98,3.88333333333333
"8/15/2022","09:50:38","00:01:59",-2.2,50,98,47.6197395,-122.3632507,10,55.98,3.9
"8/15/2022","09:50:39","00:02:00",-2,51,98,47.6197395,-122.3632507,10,55.99,3.91666666666667
"8/15/2022","09:50:40","00:02:01",-1.8,51,98,47.6197395,-122.3632507,10,55.98,3.93333333333333
"8/15/2022","09:50:41","00:02:02",-1.9,50,98,47.6197395,-122.3632507,10,55.98,3.95
"8/15/2022","09:50:42","00:02:03",-2.1,49,98,47.6197395,-122.3632507,10,55.98,3.96666666666667
"8/15/2022","09:50:43","00:02:04",-2,49,98,47.6197395,-122.3632507,10,55.98,3.98333333333333
"8/15/2022","09:50:44","00:02:05",-1.9,49,98,47.6197395,-122.3632507,10,55.98,4
"8/15/2022","09:50:45","00:02:06",-1.9,49,98,47.6197395,-122.3632507,10,55.98,4.01666666666667
"8/15/2022","09:50:46","00:02:07",-2,49,98,47.6197395,-122.3632507,10,55.98,4.03333333333333
"8/15/2022","09:50:47","00:02:08",-2.1,49,98,47.6197395,-122.3632507,10,55.98,4.05
"8/15/2022","09:50:48","00:02:09",-2,49,98,47.6197395,-122.3632507,10,55.98,4.06666666666667
"8/15/2022","09:50:49","00:02:10",-2,48,98,47.6197395,-122.3632507,10,55.99,4.08333333333333
"8/15/2022","09:50:50","00:02:11",-1.9,49,98,47.6197395,-122.3632507,10,55.99,4.1
"8/15/2022","09:50:51","00:02:12",-1.9,49,98,47.6197395,-122.3632507,10,56.01,4.11666666666667
"8/15/2022","09:50:52","00:02:13",-2.1,49,98,47.6197395,-122.3632507,10,55.99,4.13333333333333
"8/15/2022","09:50:53","00:02:14",-2.2,49,98,47.6197395,-122.3632507,10,55.99,4.15
"8/15/2022","09:50:54","00:02:15",-1.9,49,98,47.6197395,-122.3632507,10,55.99,4.16666666666667
"8/15/2022","09:50:55","00:02:16",-1.8,50,98,47.6197395,-122.3632507,10,56.01,4.18333333333333
"8/15/2022","09:50:56","00:02:17",-2.1,49,98,47.6197395,-122.3632507,10,55.99,4.2
"8/15/2022","09:50:57","00:02:18",-2.1,50,98,47.6197395,-122.3632507,10,56.01,4.21666666666667
"8/15/2022","09:50:58","00:02:19",-1.9,50,98,47.6197395,-122.3632507,10,55.99,4.23333333333333
"8/15/2022","09:50:59","00:02:20",-2,50,98,47.6197395,-122.3632507,10,55.99,4.25
"8/15/2022","09:51:00","00:02:21",-1.8,51,98,47.6197395,-122.3632507,10,55.99,4.26666666666667
"8/15/2022","09:51:01","00:02:22",-1.9,50,98,47.6197395,-122.3632507,10,55.98,4.28333333333333
"8/15/2022","09:51:02","00:02:23",-2.1,50,98,47.6197395,-122.3632507,10,55.99,4.3
"8/15/2022","09:51:03","00:02:24",-2,51,98,47.6197395,-122.3632507,10,55.98,4.31666666666667
"8/15/2022","09:51:04","00:02:25",-1.9,50,98,47.6197395,-122.3632507,10,55.99,4.33333333333333
"8/15/2022","09:51:05","00:02:26",-1.8,51,98,47.6197395,-122.3632507,10,55.98,4.35
"8/15/2022","09:51:06","00:02:27",-2.1,49,98,47.6197395,-122.3632507,10,55.98,4.36666666666667
"8/15/2022","09:51:07","00:02:28",-2.1,49,98,47.6197395,-122.3632507,10,55.96,4.38333333333333
"8/15/2022","09:51:08","00:02:29",-2,50,98,47.6197395,-122.3632507,10,55.98,4.4
"8/15/2022","09:51:09","00:02:30",-1.9,50,98,47.6197395,-122.3632507,10,55.98,4.41666666666667
"8/15/2022","09:51:10","00:02:31",-2,50,98,47.6197395,-122.3632507,10,55.98,4.43333333333333
"8/15/2022","09:51:11","00:02:32",-2,50,98,47.6197395,-122.3632507,10,55.96,4.45
"8/15/2022","09:51:12","00:02:33",-2,49,98,47.6197395,-122.3632507,10,55.98,4.46666666666667
"8/15/2022","09:51:13","00:02:34",-2,49,98,47.6197395,-122.3632507,10,55.98,4.48333333333333
"8/15/2022","09:51:14","00:02:35",-1.8,50,98,47.6197395,-122.3632507,10,55.96,4.5
"8/15/2022","09:51:15","00:02:36",-1.9,49,98,47.6197395,-122.3632507,10,55.98,4.51666666666667
"8/15/2022","09:51:16","00:02:37",-2.1,49,98,47.6197395,-122.3632507,10,55.98,4.53333333333333
"8/15/2022","09:51:17","00:02:38",-2.2,48,98,47.6197395,-122.3632507,10,55.98,4.55
"8/15/2022","09:51:18","00:02:39",-1.8,48,98,47.6197395,-122.3632507,10,55.98,4.56666666666667
"8/15/2022","09:51:19","00:02:40",-1.7,48,98,47.6197395,-122.3632507,10,55.98,4.58333333333333
"8/15/2022","09:51:20","00:02:41",-2.2,47,98,47.6197395,-122.3632507,10,55.98,4.6
"8/15/2022","09:51:21","00:02:42",-2.1,73,98,47.6197395,-122.3632507,10,55.98,4.61666666666667
"8/15/2022","09:51:22","00:02:43",-2.1,104,98,47.6197395,-122.3632507,10,55.96,4.63333333333333
"8/15/2022","09:51:23","00:02:44",-2.2,141,98,47.6197395,-122.3632507,10,55.98,4.65
"8/15/2022","09:51:24","00:02:45",-2.3,140,98,47.6197395,-122.3632507,10,55.96,4.66666666666667
"8/15/2022","09:51:25","00:02:46",-2.1,139,98,47.6197395,-122.3632507,10,55.92,4.68333333333333
"8/15/2022","09:51:26","00:02:47",-1.6,145,97,47.6197395,-122.3632507,10,55.92,4.7
"8/15/2022","09:51:27","00:02:48",-0.8,144,97,47.6197395,-122.3632507,10,55.89,4.71666666666667
"8/15/2022","09:51:28","00:02:49",-0.4,194,97,47.6197395,-122.3632507,10,55.85,4.73333333333333
"8/15/2022","09:51:29","00:02:50",-0.3,231,97,47.6197395,-122.3632507,10,55.85,4.75
"8/15/2022","09:51:30","00:02:51",-0.7,242,97,47.6197395,-122.3632507,10,55.85,4.76666666666667
"8/15/2022","09:51:31","00:02:52",-0.6,247,97,47.6197395,-122.3632507,10,55.89,4.78333333333333
"8/15/2022","09:51:32","00:02:52",-0.3,250,97,47.6197395,-122.3632507,10,55.92,4.8
"8/15/2022","09:51:33","00:02:52",-0.2,260,97,47.6197395,-122.3632507,10,55.92,4.81666666666667
"8/15/2022","09:51:34","00:02:52",-0.4,316,97,47.6197395,-122.3632507,10,55.92,4.83333333333333
"8/15/2022","09:51:35","00:02:52",0.2,12,97,47.6197395,-122.3632507,10,55.98,4.85
"8/15/2022","09:51:36","00:02:52",1.5,40,97,47.6197395,-122.3632507,10,55.99,4.86666666666667
"8/15/2022","09:51:37","00:02:52",-0.9,43,97,47.6197395,-122.3632507,10,56.05,4.88333333333333
"8/15/2022","09:51:38","00:02:52",0,35,97,47.6197395,-122.3632507,10,56.07,4.9
"8/15/2022","09:51:39","00:02:52",0,30,97,47.6197395,-122.3632507,10,56.08,4.91666666666667
"8/15/2022","09:51:40","00:02:52",-0.8,53,97,47.6197395,-122.3632507,10,56.1,4.93333333333333
"8/15/2022","09:51:41","00:02:52",-0.2,47,97,47.6197395,-122.3632507,10,56.12,4.95
"8/15/2022","09:51:42","00:02:52",0,31,97,47.6197395,-122.3632507,10,56.14,4.96666666666667
"8/15/2022","09:51:43","00:02:52",0.7,31,97,47.6197395,-122.3632507,10,56.14,4.98333333333333
"8/15/2022","09:51:44","00:02:52",0,30,97,47.6197395,-122.3632507,10,56.16,5
"8/15/2022","09:51:45","00:02:52",0.2,31,97,47.6197395,-122.3632507,10,56.16,5.01666666666667
"8/15/2022","09:51:46","00:02:52",0,31,97,47.6197395,-122.3632507,10,56.16,5.03333333333333
"8/15/2022","09:51:47","00:02:52",-0.1,31,97,47.6197395,-122.3632507,10,56.16,5.05
"8/15/2022","09:51:48","00:02:52",0,31,97,47.6197395,-122.3632507,10,56.19,5.06666666666667
"8/15/2022","09:51:49","00:02:52",0,31,97,47.6197395,-122.3632507,10,56.16,5.08333333333333
"8/15/2022","09:51:50","00:02:52",-0.1,31,97,47.6197395,-122.3632507,10,56.19,5.1
"8/15/2022","09:51:51","00:02:52",0,31,97,47.6197395,-122.3632507,10,56.19,5.11666666666667
"8/15/2022","09:51:52","00:02:52",0.2,31,97,47.6197395,-122.3632507,10,56.21,5.13333333333333
"8/15/2022","09:51:53","00:02:52",-0.1,32,97,47.6197395,-122.3632507,10,56.21,5.15
"8/15/2022","09:51:54","00:02:52",-0.2,32,97,47.6197395,-122.3632507,10,56.23,5.16666666666667
"8/15/2022","09:51:55","00:02:52",0.5,41,97,47.6197395,-122.3632507,10,56.23,5.18333333333333
"8/15/2022","09:51:56","00:02:52",-0.9,48,97,47.6197395,-122.3632507,10,56.23,5.2
"8/15/2022","09:51:57","00:02:52",-0.6,43,97,47.6197395,-122.3632507,10,56.23,5.21666666666667
"8/15/2022","09:51:58","00:02:52",0.9,44,97,47.6197395,-122.3632507,10,56.26,5.23333333333333
"8/15/2022","09:51:59","00:02:52",0.6,44,97,47.6197395,-122.3632507,10,56.26,5.25
"8/15/2022","09:52:00","00:02:52",-0.1,44,97,47.6197395,-122.3632507,10,56.26,5.26666666666667
"8/15/2022","09:52:01","00:02:52",0.2,45,97,47.6197395,-122.3632507,10,56.26,5.28333333333333
"8/15/2022","09:52:02","00:02:52",0,45,97,47.6197395,-122.3632507,10,56.28,5.3
"8/15/2022","09:52:03","00:02:52",-0.1,45,97,47.6197395,-122.3632507,10,56.28,5.31666666666667
"8/15/2022","09:52:04","00:02:52",0,46,97,47.6197395,-122.3632507,10,56.28,5.33333333333333
"8/15/2022","09:52:05","00:02:52",0.1,46,97,47.6197395,-122.3632507,10,56.3,5.35
"8/15/2022","09:52:06","00:02:52",0,47,97,47.6197395,-122.3632507,10,56.3,5.36666666666667
"8/15/2022","09:52:07","00:02:52",0.1,47,97,47.6197395,-122.3632507,10,56.3,5.38333333333333
